Patient ID;Sample ID;Diagnosis Age;Neoplasm Disease Stage American Joint Committee on Cancer Code;Aneuploidy Score;Buffa Hypoxia Score;Fraction Genome Altered;Mutation Count;Overall Survival (Months);Overall Survival Status;Other Patient ID;American Joint Committee on Cancer Metastasis Stage Code;American Joint Committee on Cancer Tumor Stage Code;Person Neoplasm Cancer Status;Progress Free Survival (Months);Progression Free Status;Sex;Patient Weight
TCGA-3N-A9WB;TCGA-3N-A9WB-06;71;STAGE IA;9;25;0.2204;141;17.02995036;1:DECEASED;5564E6A7-2195-4B0D-994E-B0617B58E889;M0;T1A;With Tumor;14.00532597;1:PROGRESSION;Male;78
TCGA-3N-A9WC;TCGA-3N-A9WC-06;82;STAGE IIA;8;3;0.3502;1533;66.47598383;0:LIVING;551E071A-C290-4B48-9000-F64C2A44DFB7;M0;T2B;With Tumor;56.05418023;1:PROGRESSION;Male;68
TCGA-3N-A9WD;TCGA-3N-A9WD-06;82;STAGE IIIA;10;5;0.2522;791;12.98615906;1:DECEASED;A29A20E3-5C2C-4F37-B93E-AE9EBC46EC53;M0;T2A;With Tumor;10.06016372;1:PROGRESSION;Male;116
TCGA-BF-A1PU;TCGA-BF-A1PU-01;46;STAGE IIC;8;-5;0.6825;1436;12.72314824;0:LIVING;3DD5A206-D7F3-42F1-B9CC-4B31C76D495D;M0;T4B;Tumor Free;15.91215439;1:PROGRESSION;Female;58
TCGA-BF-A1PV;TCGA-BF-A1PV-01;74;STAGE IIC;6;-7;0.1865;254;0.460268929;0:LIVING;EFF78AF6-0F68-49B9-866B-0D511606F2B1;M0;T4B;Tumor Free;0.460268929;0:CENSORED;Female;70
TCGA-BF-A1PX;TCGA-BF-A1PX-01;56;STAGE IIIB;8;23;0.0008;698;9.271131275;1:DECEASED;197AC33E-D5DF-40DE-92F2-6EF7FE2AD6DD;M0;T4B;Tumor Free;9.271131275;0:CENSORED;Male;78
TCGA-BF-A1PZ;TCGA-BF-A1PZ-01;71;STAGE IIB;8;21;0.2252;1629;28.04352829;0:LIVING;455F982C-A067-46AC-BF89-3E535D0FFCA0;M0;T4A;Tumor Free;28.04352829;0:CENSORED;Female;56
TCGA-BF-A1Q0;TCGA-BF-A1Q0-01;80;STAGE IIC;19;17;0.6454;2628;27.32024855;0:LIVING;633DDC04-C424-42C8-8E54-673968B130A7;M0;T4B;Tumor Free;27.32024855;0:CENSORED;Male;69
TCGA-BF-A3DJ;TCGA-BF-A3DJ-01;36;STAGE IIIB;11;19;0.3322;123;15.25462735;0:LIVING;62393DAB-AB41-4785-9A57-AA4C25D223E9;M0;T4B;Tumor Free;7.134168393;1:PROGRESSION;Female;70
TCGA-BF-A3DL;TCGA-BF-A3DL-01;84;STAGE IIIB;18;19;0.377;372;25.28191472;0:LIVING;E9F0F030-D9AA-47C8-9F4D-A9CE58888C41;M0;T3B;Tumor Free;25.28191472;0:CENSORED;Female;62
TCGA-BF-A3DM;TCGA-BF-A3DM-01;63;STAGE IIA;6;25;0.1559;380;19.75868758;0:LIVING;1CA2EB9F-9496-450F-83FE-C7A6CB1A075B;M0;T2B;Tumor Free;19.75868758;0:CENSORED;Male;97
TCGA-BF-A3DN;TCGA-BF-A3DN-01;81;STAGE IIIC;23;9;0.4145;69;23.57234441;0:LIVING;D7E86C99-A716-48B8-B067-E73D68B14DEE;M0;T3B;Tumor Free;23.57234441;0:CENSORED;Female;58
TCGA-BF-A5EO;TCGA-BF-A5EO-01;65;STAGE IIC;8;13;0.2136;522;23.11207548;0:LIVING;8352CBB0-10E7-40BD-96F0-1E982AB4C07B;M0;T4B;Tumor Free;23.11207548;0:CENSORED;Male;110
TCGA-BF-A5EP;TCGA-BF-A5EP-01;75;STAGE IIIC;29;25;0.83;144;11.01357793;0:LIVING;888EF0FC-FC84-4AFB-A369-695FEE5AE4F6;M0;T4B;Tumor Free;11.01357793;0:CENSORED;Female;83
TCGA-BF-A5EQ;TCGA-BF-A5EQ-01;63;STAGE IIC;16;-13;0.2153;498;10.61906171;0:LIVING;53DE8F81-A226-4AB9-BDDC-856FFD111817;M0;T4B;Tumor Free;10.61906171;0:CENSORED;Male;90
TCGA-BF-A5ER;TCGA-BF-A5ER-01;63;STAGE IIC;10;7;0.2992;158;10.75056712;0:LIVING;B44CCED8-88DB-4769-A1B0-B09D28558277;M0;T4B;Tumor Free;10.75056712;0:CENSORED;Male;93
TCGA-BF-A5ES;TCGA-BF-A5ES-01;76;STAGE IIC;2;17;0.123;417;16.1094125;0:LIVING;EF40FA3D-807B-47C1-9F77-58E9778CE391;M0;T4B;Tumor Free;16.1094125;0:CENSORED;Female;56
TCGA-BF-AAP0;TCGA-BF-AAP0-06;40;STAGE IV;6;23;0.0251;388;14.92586383;0:LIVING;5F07D78A-44A1-4002-A55C-5FE01B35D669;M1;T4;Tumor Free;14.92586383;0:CENSORED;Female;57
TCGA-D3-A1Q1;TCGA-D3-A1Q1-06;79;STAGE IIIC;27;17;0.7331;486;16.56968143;1:DECEASED;8C54FCFD-999F-43C5-B31F-26D006F5FFF3;M0;T1B;With Tumor;1.906828418;1:PROGRESSION;Female;59
TCGA-D3-A1Q3;TCGA-D3-A1Q3-06;64;STAGE IIC;9;-15;0.254;1452;16.66831048;1:DECEASED;29476D6A-0D06-4A18-8910-C0502F6539FF;M0;T4B;With Tumor;16.66831048;1:PROGRESSION;Male;108
TCGA-D3-A1Q4;TCGA-D3-A1Q4-06;53;STAGE IIIC;13;11;0.3723;285;112.0426078;0:LIVING;E85C07ED-51EF-4C91-8431-0DC738D9CCC6;M0;T2B;Tumor Free;112.0426078;0:CENSORED;Female;83
TCGA-D3-A1Q5;TCGA-D3-A1Q5-06;60;STAGE I/II (NOS);21;-7;0.4596;302;112.5686294;1:DECEASED;238111F9-A08B-49B4-9035-CC43026330E7;M0;TX;NA;80.6128152;1:PROGRESSION;Male;125
TCGA-D3-A1Q6;TCGA-D3-A1Q6-06;55;STAGE III;18;23;0.2018;951;71.80195286;1:DECEASED;1E05DA2E-7DD7-4C98-9E77-59514E5F2582;M0;T4;Tumor Free;1.578064898;1:PROGRESSION;Male;81
TCGA-D3-A1Q7;TCGA-D3-A1Q7-06;42;STAGE IB;6;-3;0.181;76;133.2478548;0:LIVING;DF6303CD-FFB5-422F-9865-B09029A6D54F;M0;T1B;Tumor Free;30.27912023;1:PROGRESSION;Female;79
TCGA-D3-A1Q8;TCGA-D3-A1Q8-06;33;STAGE IV;9;-5;0.2849;200;28.07640464;1:DECEASED;7B7A49B5-5BE8-4966-8F3A-E6E01E694F86;M1B;T0;With Tumor;4.83282375;1:PROGRESSION;Male;161
TCGA-D3-A1Q9;TCGA-D3-A1Q9-06;72;STAGE IIIB;21;-1;0.6179;32;31.59417431;1:DECEASED;798074D3-0B84-4DD5-AA88-91FEDA9AC8C6;M0;T4B;With Tumor;1.44655949;1:PROGRESSION;Male;98
TCGA-D3-A1QA;TCGA-D3-A1QA-06;55;STAGE IB;7;33;0.1962;1119;90.90311339;0:LIVING;FBEE9FE7-8BED-41A6-BCFE-DE9F1BC80D01;M0;T2A;With Tumor;45.79675839;1:PROGRESSION;Male;90
TCGA-D3-A1QB;TCGA-D3-A1QB-06;75;STAGE III;3;17;0.1306;350;95.73593714;0:LIVING;C59A5615-2DD1-4902-A62B-0E312EAB5484;M0;T0;Tumor Free;0;1:PROGRESSION;Female;86
TCGA-D3-A2J6;TCGA-D3-A2J6-06;65;STAGE IIB;12;27;0.3384;1439;43.42966105;1:DECEASED;6F5157B8-D43A-4FBC-B7DA-23629F5B53DA;M0;T3B;With Tumor;14.72860571;1:PROGRESSION;Male;141
TCGA-D3-A2J7;TCGA-D3-A2J7-06;67;STAGE IIIC;10;-1;0.3403;347;103.10024;1:DECEASED;19322032-C144-4962-B886-37606DAD33B7;M0;T3B;With Tumor;0.427392577;1:PROGRESSION;Male;93
TCGA-D3-A2J8;TCGA-D3-A2J8-06;48;STAGE IB;4;11;0.0444;951;65.48969326;1:DECEASED;AFFB02C3-EC15-465E-8296-6A32132D542E;M0;T2A;With Tumor;57.10622349;1:PROGRESSION;Male;79
TCGA-D3-A2J9;TCGA-D3-A2J9-06;75;STAGE IIIC;6;-37;0.058;216;23.76960253;1:DECEASED;E9E615A1-9323-49D3-904C-FCF4887FEA61;M0;T4B;With Tumor;7.594437321;1:PROGRESSION;Male;70
TCGA-D3-A2JA;TCGA-D3-A2JA-06;68;STAGE IIIA;29;3;0.2579;318;115.5275011;0:LIVING;33D7CCCB-6349-4337-8C5B-6E3E8B3C7AF1;M0;T2A;Tumor Free;1.315054082;1:PROGRESSION;Male;113
TCGA-D3-A2JB;TCGA-D3-A2JB-06;70;STAGE 0;6;-3;0.0124;892;NA;NA;DCEB4909-CB3E-4AA5-8FF6-23D27B39ACA3;M0;TIS;Tumor Free;NA;NA;Female;57
TCGA-D3-A2JC;TCGA-D3-A2JC-06;53;STAGE III;22;15;0.5224;3148;86.76069303;0:LIVING;DB239624-3DBA-48BB-9889-F479DC2BA046;M0;T0;Tumor Free;86.76069303;0:CENSORED;Female;83
TCGA-D3-A2JD;TCGA-D3-A2JD-06;58;STAGE IIIC;19;13;0.3664;1227;11.86836309;1:DECEASED;A5F95C6C-E25A-4AD8-BD5D-FCFD8A31933C;M0;T4B;With Tumor;2.794489923;1:PROGRESSION;Male;73
TCGA-D3-A2JE;TCGA-D3-A2JE-06;75;STAGE IIIC;24;25;0.2402;273;27.64901207;1:DECEASED;2EC330F8-96E4-4270-AADC-563BB72F4B2C;M0;TX;With Tumor;4.898576454;1:PROGRESSION;Female;81
TCGA-D3-A2JF;TCGA-D3-A2JF-06;74;STAGE IA;17;-11;0.2907;1213;62.07055265;0:LIVING;C58638ED-A38C-4494-A41E-6EE5283A7A59;M0;T1A;Tumor Free;0.821908801;1:PROGRESSION;Male;80
TCGA-D3-A2JG;TCGA-D3-A2JG-06;30;STAGE IIIA;8;9;0.2509;570;113.5220436;1:DECEASED;47A16BF2-229B-4E9A-8B5E-3DCC61FA9106;M0;T3A;With Tumor;107.8015583;1:PROGRESSION;Female;89
TCGA-D3-A2JH;TCGA-D3-A2JH-06;68;STAGE IB;2;7;0.0094;653;42.08173061;0:LIVING;3A27966B-2C4C-402F-B71B-DF7925C36A7C;M0;T1B;Tumor Free;18.70664431;1:PROGRESSION;Male;123
TCGA-D3-A2JK;TCGA-D3-A2JK-06;24;STAGE IIIC;5;9;0.1256;779;12.09849755;1:DECEASED;D7F251C3-8312-47D8-A9CC-2917D2284CC3;M0;T4B;With Tumor;8.580727882;1:PROGRESSION;Male;92
TCGA-D3-A2JL;TCGA-D3-A2JL-06;43;STAGE I/II (NOS);25;15;0.5216;1198;171.5816813;0:LIVING;28CF244B-77DC-4B31-A65A-9746F15BB07E;M0;TX;Tumor Free;86.72781668;1:PROGRESSION;Female;72
TCGA-D3-A2JN;TCGA-D3-A2JN-06;46;STAGE III;24;27;0.4682;739;66.47598383;1:DECEASED;20AE4C90-EA2E-42E8-BC0E-F0E6BE0DADEB;M0;T0;Tumor Free;66.47598383;0:CENSORED;Female;76
TCGA-D3-A2JO;TCGA-D3-A2JO-06;50;STAGE IIIC;22;7;0.2702;1285;66.0814676;0:LIVING;04F7ECC8-4F6B-41AC-A984-9EA604698A21;M0;TX;Tumor Free;1.643817602;1:PROGRESSION;Female;77
TCGA-D3-A2JP;TCGA-D3-A2JP-06;37;STAGE IIIC;19;21;0.4855;4146;59.5719499;0:LIVING;E9A42A85-9513-41B2-A71D-6D62F70B00E4;M0;T0;With Tumor;7.462931913;1:PROGRESSION;Male;75
TCGA-D3-A3BZ;TCGA-D3-A3BZ-06;63;STAGE IIB;0;15;0.0188;62;130.7163757;0:LIVING;C3D4CAA5-EEBC-4276-B1E1-AB9494867B10;M0;T4A;Tumor Free;76.93066377;1:PROGRESSION;Male;99
TCGA-D3-A3C1;TCGA-D3-A3C1-06;NA;STAGE I/II (NOS);26;-3;0.5899;138;NA;0:LIVING;2FF77467-19F8-45A0-8D42-2F9A69295498;M0;TX;With Tumor;NA;0:CENSORED;Male;83
TCGA-D3-A3C3;TCGA-D3-A3C3-06;NA;STAGE I/II (NOS);12;13;0.3785;224;NA;0:LIVING;FC59CC57-CA7A-4DE3-BD13-2E283716A243;M0;TX;With Tumor;NA;0:CENSORED;Female;80
TCGA-D3-A3C6;TCGA-D3-A3C6-06;54;STAGE IB;9;27;0.8886;593;58.0596377;1:DECEASED;C0B0255B-74FD-4AF7-A2B0-5A82829F680B;M0;T2A;With Tumor;47.37482329;1:PROGRESSION;Female;85
TCGA-D3-A3C7;TCGA-D3-A3C7-06;57;STAGE III;9;11;0.2941;1444;46.98030707;0:LIVING;3B62E38C-D473-4329-86AB-5D4977F92B09;M0;T0;Tumor Free;46.98030707;0:CENSORED;Female;72
TCGA-D3-A3C8;TCGA-D3-A3C8-06;58;STAGE IIIC;0;9;0;1564;46.32278002;0:LIVING;16182443-12A1-4B0F-A6AB-33C2942E2991;M0;TX;With Tumor;1.808199362;1:PROGRESSION;Female;132
TCGA-D3-A3CB;TCGA-D3-A3CB-06;39;STAGE I/II (NOS);11;-15;0.1391;534;166.5187231;0:LIVING;B829885F-8681-4B00-B301-8B0E0C2C6684;M0;T2;Tumor Free;166.5187231;0:CENSORED;Male;86
TCGA-D3-A3CC;TCGA-D3-A3CC-06;69;STAGE IIC;21;11;0.4333;90;86.92507479;0:LIVING;2D36CEA4-73E9-493B-8433-0C2B911C0521;M0;T4B;With Tumor;3.156129796;1:PROGRESSION;Female;87
TCGA-D3-A3CE;TCGA-D3-A3CE-06;74;STAGE III;24;-17;0.2761;2102;60.22947694;1:DECEASED;730F7400-E94A-4F41-B081-5227FA1A9C18;M0;T0;With Tumor;0;1:PROGRESSION;Female;75
TCGA-D3-A3CF;TCGA-D3-A3CF-06;61;STAGE IIIC;9;3;0.2314;103;24.52575862;1:DECEASED;132CDDE9-70D8-4753-8E99-FC4CE3D371A4;M0;T4B;With Tumor;4.241049413;1:PROGRESSION;Female;129
TCGA-D3-A3ML;TCGA-D3-A3ML-06;70;STAGE IIIA;8;-7;0.3376;773;13.87382056;1:DECEASED;0153F141-625E-4623-9F8A-296678002C63;M0;T3A;With Tumor;1.052043265;1:PROGRESSION;Male;76
TCGA-D3-A3MO;TCGA-D3-A3MO-06;47;STAGE III;5;37;0.3012;61;9.336883979;1:DECEASED;85400BF1-23E0-4E0F-8DF7-F0D108641AEE;M0;TX;With Tumor;1.545188546;1:PROGRESSION;Male;70
TCGA-D3-A3MR;TCGA-D3-A3MR-06;42;STAGE III;16;23;0.0081;719;103.5933853;0:LIVING;0E597498-44AD-40AE-BB83-F1B27388EC0A;M0;T0;Tumor Free;102.1797021;1:PROGRESSION;Male;86
TCGA-D3-A3MU;TCGA-D3-A3MU-06;53;STAGE IIIA;11;5;0.5769;418;39.74750962;0:LIVING;714F58D6-14BF-4E60-96AC-104D4ABD45ED;M0;T3A;With Tumor;24.65726403;1:PROGRESSION;Male;110
TCGA-D3-A3MV;TCGA-D3-A3MV-06;38;STAGE IIIB;24;15;0.6922;407;45.30361311;0:LIVING;F581A9B5-8956-4AC3-9375-370C446CAD29;M0;T2B;With Tumor;0.526021633;1:PROGRESSION;Female;135
TCGA-D3-A51E;TCGA-D3-A51E-06;39;STAGE I/II (NOS);6;13;0.2398;233;174.8364402;0:LIVING;963858B8-A8B6-498E-989A-271654713772;M0;T2;Tumor Free;174.8364402;0:CENSORED;Female;61
TCGA-D3-A51F;TCGA-D3-A51F-06;51;STAGE IIIC;NA;-15;0;102;55.72541671;0:LIVING;2316BC62-974A-4DFD-8EE2-9E4A08660A45;M0;T4B;Tumor Free;55.72541671;0:CENSORED;Male;90
TCGA-D3-A51G;TCGA-D3-A51G-06;NA;STAGE 0;31;25;0.4267;998;NA;NA;44D176DB-2221-45A2-818B-EEF6832A51B6;M0;TIS;Tumor Free;NA;NA;Male;112
TCGA-D3-A51H;TCGA-D3-A51H-06;60;STAGE IIIC;0;-11;0.0025;28;56.3500674;0:LIVING;50E4CDBC-B10B-4C6C-9981-68DEFA1A8FE0;M0;T1B;Tumor Free;27.55038301;1:PROGRESSION;Male;78
TCGA-D3-A51J;TCGA-D3-A51J-06;19;STAGE III;13;7;0.3123;385;145.1162179;0:LIVING;2D8868AB-A7DB-4CBD-A9AF-CC485B29C177;M0;T0;Tumor Free;66.0157149;1:PROGRESSION;Male;126
TCGA-D3-A51K;TCGA-D3-A51K-06;51;STAGE IIIB;10;11;0.3072;23;32.94210474;0:LIVING;E63A9717-7851-4706-951A-DC0B87C45EDF;M0;TIS;Tumor Free;32.94210474;0:CENSORED;Male;90
TCGA-D3-A51N;TCGA-D3-A51N-06;56;STAGE IV;11;13;0.2889;83;22.6189302;0:LIVING;B770ED96-A48C-4E88-8DB6-B2D1A1619DA2;M1C;T0;Tumor Free;0.591774337;1:PROGRESSION;Female;84
TCGA-D3-A51R;TCGA-D3-A51R-06;60;STAGE IIA;5;19;0.1378;592;63.81299931;0:LIVING;1F66A0E1-640A-4CAA-85F1-61C6DE475CF1;M0;T3A;Tumor Free;33.40237367;1:PROGRESSION;Male;72
TCGA-D3-A51T;TCGA-D3-A51T-06;59;STAGE IIIC;10;5;0.2864;978;26.89285597;0:LIVING;791D3824-890F-43F2-B545-C7266506D716;M0;T4B;Tumor Free;6.904033928;1:PROGRESSION;Female;92
TCGA-D3-A5GL;TCGA-D3-A5GL-06;74;STAGE IB;5;27;0.2067;368;125.7849229;0:LIVING;9E5B6BEE-0E10-4559-8D0E-2DC9677CC90C;M0;T2A;Tumor Free;35.90097643;1:PROGRESSION;Male;113
TCGA-D3-A5GN;TCGA-D3-A5GN-06;15;STAGE I;27;29;0.5348;392;135.7464576;0:LIVING;AFBC376B-524D-4ECD-B79F-D8BE770591A7;M0;T1;Tumor Free;42.04885426;1:PROGRESSION;Female;68
TCGA-D3-A5GO;TCGA-D3-A5GO-06;61;STAGE II;18;3;0.4472;1305;137.9162968;0:LIVING;854466BF-B943-4ACB-B4F1-6B285CB813E3;M0;T4;Tumor Free;24.88739849;1:PROGRESSION;Male;83
TCGA-D3-A5GR;TCGA-D3-A5GR-06;23;STAGE III;NA;7;0.2217;215;178.3213335;0:LIVING;C714C48F-A18C-4110-A82D-3CC95C315AFD;M0;T1B;Tumor Free;0;1:PROGRESSION;Female;114
TCGA-D3-A5GS;TCGA-D3-A5GS-06;58;STAGE IV;9;7;0.3817;326;18.18062268;0:LIVING;C03152CB-C6E6-47E2-A1CB-2354260A3661;M1C;T1B;With Tumor;1.44655949;1:PROGRESSION;Male;99
TCGA-D3-A5GT;TCGA-D3-A5GT-01;43;STAGE IIIC;20;-11;0.4513;23;16.01078344;0:LIVING;6250B800-F72E-4C8E-A0E0-206049398BA7;M0;T2B;Tumor Free;9.567018444;1:PROGRESSION;Male;79
TCGA-D3-A5GU;TCGA-D3-A5GU-06;36;STAGE IB;27;-11;0.6603;627;125.1931486;0:LIVING;6AC4E3DF-6C43-4C73-8F4C-F89C3626F2D5;M0;T1B;With Tumor;101.0619062;1:PROGRESSION;Male;75
TCGA-D3-A8GB;TCGA-D3-A8GB-06;48;STAGE IIIB;10;1;0.2427;856;30.83801821;1:DECEASED;4274D9AB-679F-453C-B086-7535CF798F0A;M0;T3A;With Tumor;11.40809416;1:PROGRESSION;Male;89
TCGA-D3-A8GC;TCGA-D3-A8GC-06;48;STAGE IIIC;31;15;0.6993;693;79.59364829;1:DECEASED;1E3BC429-50EB-4087-B39A-6D92F03412F7;M0;TX;With Tumor;61.11713844;1:PROGRESSION;Male;114
TCGA-D3-A8GD;TCGA-D3-A8GD-06;63;STAGE IIIC;20;3;0.1537;99;23.60522077;0:LIVING;74DC56E9-0076-458B-A12C-D50D7F057C47;M0;T4B;With Tumor;4.83282375;1:PROGRESSION;Female;79
TCGA-D3-A8GE;TCGA-D3-A8GE-06;26;STAGE IV;0;-19;0.0014;6;26.43258704;0:LIVING;DCC005BA-F8C9-4845-BF08-0DBABE291C9A;M1B;TX;With Tumor;1.93970477;1:PROGRESSION;Male;97
TCGA-D3-A8GI;TCGA-D3-A8GI-06;68;STAGE IA;24;13;0.4324;4277;58.51990663;1:DECEASED;BEAB616A-256E-48F3-A458-028897A6138C;M0;T1A;With Tumor;1.643817602;1:PROGRESSION;Male;88
TCGA-D3-A8GJ;TCGA-D3-A8GJ-06;18;STAGE II;5;9;0.186;149;241.3781767;0:LIVING;42FB358C-CC9B-4963-9D16-4A7AA915002A;M0;T3;Tumor Free;47.44057599;1:PROGRESSION;Male;85
TCGA-D3-A8GK;TCGA-D3-A8GK-06;45;STAGE IIA;4;29;0.1243;472;170.2008745;0:LIVING;6EC931E1-7A6F-47A8-8B30-F37271A50881;M0;T3A;Tumor Free;51.12272742;1:PROGRESSION;Male;80
TCGA-D3-A8GL;TCGA-D3-A8GL-06;43;STAGE IIIB;10;-5;0.2561;1521;89.12779038;1:DECEASED;14407399-B1F0-46BF-9179-8BF11C39D919;M0;T2A;With Tumor;43.82417727;1:PROGRESSION;Male;107
TCGA-D3-A8GM;TCGA-D3-A8GM-06;73;STAGE IIB;20;9;0.2082;3288;107.1440313;1:DECEASED;44B5453A-3009-43B9-BC34-71A11A6D5E63;M0;T3B;Tumor Free;107.1440313;0:CENSORED;Male;75
TCGA-D3-A8GN;TCGA-D3-A8GN-06;27;STAGE I/II (NOS);22;-9;0.179;190;160.9954959;0:LIVING;7038DE05-4E26-49AF-B78A-5A00CE9A120B;M0;TX;Tumor Free;25.87368906;1:PROGRESSION;Female;64
TCGA-D3-A8GO;TCGA-D3-A8GO-06;NA;STAGE I/II (NOS);25;5;0.3146;462;NA;1:DECEASED;D0680568-BBB3-4561-9E4B-08FE2A4832CB;M0;T2;With Tumor;NA;1:PROGRESSION;Female;69
TCGA-D3-A8GP;TCGA-D3-A8GP-06;77;STAGE III;24;11;0.5729;502;152.7435316;0:LIVING;95F469B1-E109-4D0E-B9AA-2060207F8A03;M0;T2;Tumor Free;17.58884834;1:PROGRESSION;Male;72
TCGA-D3-A8GQ;TCGA-D3-A8GQ-06;66;STAGE II;11;-9;0.3384;1165;29.0626952;1:DECEASED;320A2DCA-EE07-4D14-A7B8-178636636880;M0;T3;With Tumor;19.00253148;1:PROGRESSION;Male;82
TCGA-D3-A8GR;TCGA-D3-A8GR-06;54;STAGE 0;8;13;0.3074;316;NA;NA;FE1EC057-F8D0-4155-925A-5B5EA0C11CC4;M0;TIS;With Tumor;NA;NA;Female;84
TCGA-D3-A8GS;TCGA-D3-A8GS-06;52;STAGE I;16;19;0.3208;176;117.1713187;1:DECEASED;588A48F7-947C-463E-8991-9A4EE82683AA;M0;T1;With Tumor;86.82644574;1:PROGRESSION;Male;111
TCGA-D3-A8GV;TCGA-D3-A8GV-06;25;STAGE I/II (NOS);4;29;0.2139;342;167.7022718;1:DECEASED;3A71189D-AABD-475A-997C-B66CBC978E06;M0;TX;With Tumor;128.0862676;1:PROGRESSION;Male;102
TCGA-D9-A148;TCGA-D9-A148-06;40;NA;21;-3;0.3956;839;151.5271066;0:LIVING;FED23055-1600-4128-8D73-E1AA902A9D1D;M1B;TX;With Tumor;140.9409212;1:PROGRESSION;Male;84
TCGA-D9-A149;TCGA-D9-A149-06;65;NA;18;-11;0.287;726;54.67337344;0:LIVING;0B1F4F52-12EC-44AB-8283-A502BDF48C3A;M0;TX;Tumor Free;42.41049413;1:PROGRESSION;Female;87
TCGA-D9-A1JW;TCGA-D9-A1JW-06;82;NA;9;5;0.2321;756;3.649275076;0:LIVING;9A903FC2-57D7-4A02-94E7-9B9B7EE99276;M0;T1A;NA;0.32876352;1:PROGRESSION;Male;86
TCGA-D9-A1JX;TCGA-D9-A1JX-06;80;NA;9;21;0.2547;198;7.101292041;1:DECEASED;F505058F-74F2-4476-887F-06590A605980;M0;TX;With Tumor;6.410888648;1:PROGRESSION;Female;86
TCGA-D9-A1X3;TCGA-D9-A1X3-01;63;NA;NA;-11;NA;NA;18.11486997;0:LIVING;F0744FA2-DB4A-40DE-9FD2-F61863FD98D4;NA;T4B;With Tumor;18.11486997;0:CENSORED;Male;95
TCGA-D9-A1X3;TCGA-D9-A1X3-06;63;NA;NA;-11;0.2554;412;18.11486997;0:LIVING;F0744FA2-DB4A-40DE-9FD2-F61863FD98D4;NA;T4B;With Tumor;18.11486997;0:CENSORED;Male;95
TCGA-D9-A3Z1;TCGA-D9-A3Z1-06;66;STAGE IIIC;3;15;0.0608;403;15.38613276;1:DECEASED;4F7E7A0E-4AA2-4B6A-936F-6429C7D6A2A7;M0;T2A;Tumor Free;11.01357793;1:PROGRESSION;Male;80
TCGA-D9-A3Z3;TCGA-D9-A3Z3-06;39;STAGE IIIB;14;5;0.4153;113;22.29016668;0:LIVING;56EE81ED-242A-48CA-92A8-49973469A697;M0;T3A;Tumor Free;22.29016668;0:CENSORED;Female;61
TCGA-D9-A3Z4;TCGA-D9-A3Z4-01;54;STAGE IIIC;11;-3;0.333;125;17.06282671;1:DECEASED;C4ED9E22-B5D7-4469-89A8-861A86791C8B;M0;T4B;Tumor Free;6.312259592;1:PROGRESSION;Male;90
TCGA-D9-A4Z2;TCGA-D9-A4Z2-01;50;STAGE IIIC;10;-1;0.3291;23;6.246506888;1:DECEASED;FDBBDBF8-CF2E-4550-9727-B023AED9B8D9;M0;T4B;With Tumor;2.630108163;1:PROGRESSION;Male;54
TCGA-D9-A4Z3;TCGA-D9-A4Z3-01;73;STAGE IIIC;9;-7;0.2867;678;16.60255778;0:LIVING;1CAD4B22-EC8B-4E34-BFEF-5464D185923A;M0;T4B;NA;3.287635204;1:PROGRESSION;Female;70
TCGA-D9-A4Z5;TCGA-D9-A4Z5-01;68;STAGE IIB;21;-1;0.6758;65;7.167044745;0:LIVING;A4E5A8BA-DBB2-4EE9-8AB3-CC5BAB152CC2;M0;T4A;Tumor Free;7.167044745;0:CENSORED;Male;112
TCGA-D9-A4Z6;TCGA-D9-A4Z6-01;54;STAGE IIIC;NA;-3;NA;NA;18.44363349;1:DECEASED;A276671A-02DD-4B94-9408-1C47710791FE;M0;T3B;With Tumor;7.002662985;1:PROGRESSION;Male;88
TCGA-D9-A4Z6;TCGA-D9-A4Z6-06;54;STAGE IIIC;NA;-3;0.8794;241;18.44363349;1:DECEASED;A276671A-02DD-4B94-9408-1C47710791FE;M0;T3B;With Tumor;7.002662985;1:PROGRESSION;Male;88
TCGA-D9-A6E9;TCGA-D9-A6E9-06;75;STAGE IIIA;24;15;0.3797;163;9.895781964;0:LIVING;259B4D49-7CFC-420F-BA5E-65FEBC328CE4;M0;T3A;Tumor Free;9.895781964;0:CENSORED;Female;89
TCGA-D9-A6EA;TCGA-D9-A6EA-06;70;STAGE IIIC;25;19;0.5599;542;25.18328566;0:LIVING;CFE787B3-8297-4318-987C-BFADD743D767;M0;T4A;Tumor Free;25.18328566;0:CENSORED;Male;58
TCGA-D9-A6EC;TCGA-D9-A6EC-06;56;STAGE IIIA;24;15;0.6479;3673;77.55531446;0:LIVING;AF915978-C5E1-4DD4-AB0E-D2BE5AC0AE4F;M0;T3A;Tumor Free;77.55531446;0:CENSORED;Male;130
TCGA-D9-A6EG;TCGA-D9-A6EG-06;56;STAGE IIIA;13;13;0.3233;66;22.94769372;1:DECEASED;C77E1EEF-EC9A-42EA-96CC-70AA437A00E6;M0;T4A;NA;13.08478811;1:PROGRESSION;Male;70
TCGA-DA-A1HV;TCGA-DA-A1HV-06;75;STAGE IIIB;20;11;0.5525;1263;76.5690239;0:LIVING;210726BD-DB19-48AE-9A3D-E6AC44480E85;M0;T0;Tumor Free;28.47092087;1:PROGRESSION;Female;NA
TCGA-DA-A1HW;TCGA-DA-A1HW-06;37;STAGE IIIB;14;3;0.6137;366;26.95860867;0:LIVING;800D3A17-269F-4D97-94FF-8585F20038D8;M0;T1A;With Tumor;28.01065194;1:PROGRESSION;Female;69
TCGA-DA-A1HY;TCGA-DA-A1HY-06;42;STAGE III;7;11;0.2512;622;144.8860834;0:LIVING;40E17BF8-6C19-4E5E-B60D-AD54F504A970;M0;T2B;Tumor Free;144.8860834;0:CENSORED;Male;80
TCGA-DA-A1I0;TCGA-DA-A1I0-06;63;STAGE IV;10;11;0.2556;413;20.38333827;1:DECEASED;68F75AB5-9D77-40C5-A8CE-F56016BBE9E4;M1A;T4B;Tumor Free;19.69293487;1:PROGRESSION;Male;NA
TCGA-DA-A1I1;TCGA-DA-A1I1-06;55;STAGE III;22;1;0.5309;1532;222.5071506;0:LIVING;6993BC23-CD58-4761-BB77-3A3DCC2F7A1B;M0;T0;With Tumor;183.8116843;1:PROGRESSION;Male;NA
TCGA-DA-A1I2;TCGA-DA-A1I2-06;45;STAGE III;22;-11;0.5553;105;176.5460105;1:DECEASED;01AD975D-C2ED-4E4D-BD3B-C9512FC9073C;M0;T4B;With Tumor;153.8284512;1:PROGRESSION;Male;92
TCGA-DA-A1I4;TCGA-DA-A1I4-06;51;STAGE IIIC;13;21;0.3444;231;35.93385278;1:DECEASED;7FB87427-9B19-4378-86D5-F4F775F97805;M0;T3B;With Tumor;29.22707696;1:PROGRESSION;Male;72
TCGA-DA-A1I5;TCGA-DA-A1I5-06;27;STAGE IV;13;23;0.2672;644;135.0231778;0:LIVING;E2271488-1A7D-4733-A1EA-38BBAEB97B4C;M1C;T1A;Tumor Free;135.0231778;0:CENSORED;Female;NA
TCGA-DA-A1I7;TCGA-DA-A1I7-06;62;STAGE IIIB;19;-7;0.545;848;88.86477956;0:LIVING;DFE8BAA8-1C2C-4C36-92C9-61548CEBEC19;M0;T0;With Tumor;24.82164579;1:PROGRESSION;Male;87
TCGA-DA-A1I8;TCGA-DA-A1I8-06;63;STAGE IIC;29;19;0.4664;142;53.91721735;1:DECEASED;7B92FCD4-F9BE-4B97-94A2-B2E8348AEABA;M0;T4B;Tumor Free;31.59417431;1:PROGRESSION;Female;71
TCGA-DA-A1IA;TCGA-DA-A1IA-06;32;STAGE IIIB;14;5;0.481;316;65.91708584;1:DECEASED;2EA7AD21-3324-4EDA-8C82-FC2CEEA2FC73;M0;T2A;Tumor Free;65.91708584;1:PROGRESSION;Female;NA
TCGA-DA-A1IB;TCGA-DA-A1IB-06;69;STAGE IIIC;3;-23;0.0114;2120;27.12299043;0:LIVING;8FC9CC74-F388-49F0-B957-DEBB62638634;M0;T2B;Tumor Free;7.988953546;1:PROGRESSION;Female;NA
TCGA-DA-A1IC;TCGA-DA-A1IC-06;81;STAGE IIIB;8;-9;0.251;818;68.08692508;1:DECEASED;6625CE3F-3A1F-45F9-AA42-AB1931D6DAF4;M0;T3A;With Tumor;63.45135944;1:PROGRESSION;Male;81
TCGA-DA-A3F2;TCGA-DA-A3F2-06;55;STAGE IIIB;0;-21;0;NA;33.92839531;1:DECEASED;A20AEAFC-9A68-4AF0-87EA-532EE835EBB2;M0;T4A;Tumor Free;14.13683138;1:PROGRESSION;Male;87
TCGA-DA-A3F3;TCGA-DA-A3F3-06;52;STAGE IIIB;5;-9;0.2603;258;10.4875563;1:DECEASED;3582FB74-F43D-4FCD-8F22-BB1506FCFF1C;M0;T0;With Tumor;10.4875563;1:PROGRESSION;Male;NA
TCGA-DA-A3F5;TCGA-DA-A3F5-06;45;STAGE I;29;17;0.4247;294;225.9591676;1:DECEASED;D8EAC750-9DAF-4465-B672-9E31FD369057;M0;T1A;With Tumor;224.9071243;1:PROGRESSION;Male;NA
TCGA-DA-A3F8;TCGA-DA-A3F8-06;39;STAGE IIIB;5;-19;0.0809;996;43.36390834;0:LIVING;B6691E3C-EE3F-49A2-8BD4-2086413E5D8D;M0;T2A;Tumor Free;43.36390834;0:CENSORED;Male;NA
TCGA-DA-A95V;TCGA-DA-A95V-06;83;STAGE IIC;19;3;0.7197;234;72.09784002;0:LIVING;D7ADE261-B624-4E47-8A82-591BF1A8FAA4;NA;T4B;Tumor Free;72.09784002;0:CENSORED;Female;NA
TCGA-DA-A95W;TCGA-DA-A95W-06;52;STAGE IIIB;8;11;0.2249;138;37.34753592;0:LIVING;53848DBB-87A1-40FA-A5AF-C711EA7C8778;M0;TX;Tumor Free;37.34753592;0:CENSORED;Male;NA
TCGA-DA-A95X;TCGA-DA-A95X-06;62;STAGE IB;12;5;0.906;434;73.93891574;0:LIVING;D241A660-1C84-44FA-A6B3-EC9284333BD2;M0;T2A;Tumor Free;73.93891574;0:CENSORED;Male;NA
TCGA-DA-A95Y;TCGA-DA-A95Y-06;68;STAGE IIC;11;23;0.3394;367;14.13683138;1:DECEASED;40A4B549-09A4-4621-9715-E44D4B9D1198;M0;T4B;With Tumor;11.11220699;1:PROGRESSION;Male;NA
TCGA-DA-A95Z;TCGA-DA-A95Z-06;87;STAGE IV;15;9;0.4012;1610;13.01903541;0:LIVING;668701CF-9C73-4CAF-8482-3F478235909A;M1A;TX;Tumor Free;13.01903541;0:CENSORED;Male;NA
TCGA-EB-A1NK;TCGA-EB-A1NK-01;48;STAGE IIC;8;23;0.1854;299;34.15852977;0:LIVING;27C9E7AA-1760-4CFC-95B0-A091D35D317B;M0;T4B;Tumor Free;34.15852977;0:CENSORED;Male;132
TCGA-EB-A24C;TCGA-EB-A24C-01;56;NA;10;-29;0.7953;312;20.77785449;0:LIVING;2F1BBE96-49D9-417B-BC9C-A09992489340;M0;T4B;Tumor Free;15.2875037;1:PROGRESSION;Male;74
TCGA-EB-A24D;TCGA-EB-A24D-01;72;STAGE IIIB;29;-3;0.6057;697;21.20524707;0:LIVING;D7EE2693-39A8-4E3A-B6F6-E4729800E34E;M0;T4A;Tumor Free;16.43817602;1:PROGRESSION;Male;86
TCGA-EB-A299;TCGA-EB-A299-01;63;STAGE IIA;8;17;0.1601;592;12.42726107;0:LIVING;90402C32-9548-432E-85B8-A4F80E14401E;M0;T2B;Tumor Free;12.42726107;0:CENSORED;Male;90
TCGA-EB-A3HV;TCGA-EB-A3HV-01;37;STAGE IIC;7;9;0.2478;40;1.28217773;0:LIVING;B53CF25C-929C-4F1A-870E-13F260C5CF7D;M0;T4B;With Tumor;1.28217773;0:CENSORED;Male;69
TCGA-EB-A3XB;TCGA-EB-A3XB-01;63;STAGE II;17;15;0.3788;423;26.16957622;0:LIVING;A9255DCB-B236-4777-AC43-555E3A5386C3;M0;T4;Tumor Free;26.16957622;0:CENSORED;Male;80
TCGA-EB-A3XC;TCGA-EB-A3XC-01;74;STAGE IIC;20;29;0.4657;340;21.36962883;0:LIVING;5226B25F-E326-4884-AF79-916E4BBB701F;M0;T4B;With Tumor;2.432850051;1:PROGRESSION;Male;70
TCGA-EB-A3XD;TCGA-EB-A3XD-01;53;STAGE IIC;8;-9;0.0006;322;38.13656837;0:LIVING;6FE664CC-E66B-4ABF-A7D2-08BB4CE8EBA3;M0;T4B;Tumor Free;38.13656837;0:CENSORED;Female;80
TCGA-EB-A3XE;TCGA-EB-A3XE-01;77;STAGE IIA;6;-7;0.2191;19;5.917743367;0:LIVING;CAAF50A4-13B5-4003-B52F-E5F9780F9F94;M0;T3A;Tumor Free;5.917743367;0:CENSORED;Female;62
TCGA-EB-A3XF;TCGA-EB-A3XF-01;57;STAGE IIC;5;-5;0.2818;326;9.139625867;0:LIVING;555BBD13-8AD7-43B3-9087-001DB30089F1;M0;T4B;Tumor Free;9.139625867;0:CENSORED;Male;88
TCGA-EB-A3Y6;TCGA-EB-A3Y6-01;56;STAGE IIC;9;-3;0.3809;496;4.142420357;0:LIVING;8B93BDB4-B64B-4940-A814-F5B3F5AE56CC;M0;T4B;Tumor Free;4.142420357;0:CENSORED;Female;65
TCGA-EB-A3Y7;TCGA-EB-A3Y7-01;86;STAGE IIIB;4;3;0.1623;939;10.71769077;1:DECEASED;CF97D5FF-1CB7-434E-9CA8-C396CF960E5A;M0;T3A;Tumor Free;10.71769077;0:CENSORED;Female;55
TCGA-EB-A41A;TCGA-EB-A41A-01;90;STAGE IIC;6;1;0.1742;1531;8.613604235;0:LIVING;EE143E06-0334-45DD-A2B0-1169527D6B4E;M0;T4B;Tumor Free;8.613604235;0:CENSORED;Male;63
TCGA-EB-A41B;TCGA-EB-A41B-01;76;STAGE IIC;7;3;0.2988;325;9.567018444;0:LIVING;D56A707B-DBF5-481D-9D93-1E23A854A684;M0;T4B;Tumor Free;9.567018444;0:CENSORED;Female;53
TCGA-EB-A42Y;TCGA-EB-A42Y-01;73;STAGE IIC;6;27;0.165;64;23.70384982;1:DECEASED;EF7BC188-6AEC-467E-801A-AB2109A28104;M0;T4B;Tumor Free;23.70384982;1:PROGRESSION;Female;43
TCGA-EB-A42Z;TCGA-EB-A42Z-01;49;STAGE IIIC;7;13;0.2875;93;14.49847125;0:LIVING;EEA5EA8B-6579-44C2-A205-47BEFE82EE9F;M0;T4B;Tumor Free;14.49847125;0:CENSORED;Male;50
TCGA-EB-A430;TCGA-EB-A430-01;83;STAGE IIC;13;21;0.3013;344;0;0:LIVING;D0C3A83D-A1BF-4E9A-A610-2FB4370F2891;M0;T4B;Tumor Free;0;0:CENSORED;Male;85
TCGA-EB-A431;TCGA-EB-A431-01;34;STAGE IIC;17;27;0.4814;1398;18.67376796;0:LIVING;96FC529A-6AD3-456F-A41A-63238ECBB9C4;M0;T4B;Tumor Free;18.67376796;0:CENSORED;Male;62
TCGA-EB-A44N;TCGA-EB-A44N-01;59;STAGE IIC;0;27;0.2438;124;6.739652168;1:DECEASED;9E5A0B7E-9682-4F29-8E4A-7AF968CA93FC;M0;T4B;Tumor Free;3.780780485;1:PROGRESSION;Male;70
TCGA-EB-A44O;TCGA-EB-A44O-01;69;STAGE IIB;9;17;0.3483;409;2.662984515;0:LIVING;C787C4DA-C564-44F1-89EB-DD9DA107ACB1;M0;T4A;Tumor Free;1.972581122;1:PROGRESSION;Male;89
TCGA-EB-A44P;TCGA-EB-A44P-01;58;STAGE IIC;4;11;0.0993;276;24.36137686;0:LIVING;6B02DEF4-04CA-4BA0-BC48-262C4D8A294C;M0;T4B;Tumor Free;24.36137686;0:CENSORED;Female;68
TCGA-EB-A44Q;TCGA-EB-A44Q-06;51;STAGE IIIC;6;3;0.2319;42;13.87382056;0:LIVING;CA9F542C-FDAC-4E58-8658-ECA78E4FAFCA;M0;TX;Tumor Free;13.87382056;0:CENSORED;Female;47
TCGA-EB-A44R;TCGA-EB-A44R-06;52;STAGE IIIB;22;-5;0.3295;47;10.35605089;1:DECEASED;5C091729-7B87-4046-BFA4-41C26C32837A;M0;TX;Tumor Free;10.35605089;0:CENSORED;Male;53
TCGA-EB-A4IQ;TCGA-EB-A4IQ-01;42;STAGE IIIB;21;19;0.2848;7;20.9093599;1:DECEASED;4E9D1A69-1F10-4500-9DDA-F8EB1CCC6576;M0;T4B;Tumor Free;11.07933064;1:PROGRESSION;Female;40
TCGA-EB-A4IS;TCGA-EB-A4IS-01;77;STAGE IIB;24;-23;0.1513;447;25.44629648;0:LIVING;187376E0-B4F3-44ED-AB43-88B6EFF3E552;M0;T3B;Tumor Free;25.44629648;0:CENSORED;Male;80
TCGA-EB-A4OY;TCGA-EB-A4OY-01;65;STAGE IIIB;17;7;0.6544;53;32.12019594;0:LIVING;6E2D8818-B377-45F5-97F4-F905DE22C487;M0;T4B;Tumor Free;32.12019594;0:CENSORED;Female;87
TCGA-EB-A4OZ;TCGA-EB-A4OZ-01;41;STAGE IIIC;4;-1;0;10;20.38333827;0:LIVING;236EF9CA-9362-44F3-A36B-2A19509BAB9D;M0;T4A;Tumor Free;20.38333827;0:CENSORED;Female;80
TCGA-EB-A4P0;TCGA-EB-A4P0-01;82;STAGE IIC;23;-11;0.5018;154;10.71769077;1:DECEASED;DEBD7156-8B97-4BDF-9DD9-7E469277D252;M0;T4B;Tumor Free;10.71769077;0:CENSORED;Male;76
TCGA-EB-A4XL;TCGA-EB-A4XL-01;56;STAGE IIC;8;7;0.1777;390;25.54492554;0:LIVING;9C47AB1D-E3BD-4191-BD60-4A2123DE534E;M0;T4B;Tumor Free;25.54492554;0:CENSORED;Female;52
TCGA-EB-A551;TCGA-EB-A551-01;78;STAGE IIIC;8;-11;0.394;287;19.3970477;0:LIVING;63DB0DA6-F451-436F-9B1C-211B55947770;M0;T4B;Tumor Free;19.3970477;0:CENSORED;Female;65
TCGA-EB-A553;TCGA-EB-A553-01;62;STAGE IIC;22;11;0.3874;279;7.430055561;0:LIVING;960899ED-B61B-4B20-B16D-E37DFFB01AA3;M0;T4B;Tumor Free;7.430055561;0:CENSORED;Male;74
TCGA-EB-A57M;TCGA-EB-A57M-01;56;STAGE IIIB;12;7;0.4571;53;15.51763816;1:DECEASED;05F4058D-3066-4D16-8320-CF92F122945F;M0;T4B;Tumor Free;15.51763816;0:CENSORED;Male;61
TCGA-EB-A5FP;TCGA-EB-A5FP-01;65;STAGE IV;17;29;0.3181;327;14.92586383;1:DECEASED;2E6F9985-6D13-4B08-8A40-5EA44E9553F0;M1B;T4B;With Tumor;0.789032449;1:PROGRESSION;Female;82
TCGA-EB-A5KH;TCGA-EB-A5KH-06;55;STAGE III;5;7;0.3024;35;20.35046191;1:DECEASED;0EB0B477-1C7A-4416-895A-EA6463DBE847;M0;T0;NA;20.35046191;0:CENSORED;Male;62
TCGA-EB-A5SE;TCGA-EB-A5SE-01;73;STAGE IIB;7;-5;0.2431;230;13.18341717;1:DECEASED;FDA160C9-EFDC-4263-98F1-E38B00571B4D;M0;T3B;NA;12.0656212;1:PROGRESSION;Male;77
TCGA-EB-A5SF;TCGA-EB-A5SF-01;78;STAGE IIC;12;15;0.407;27;12.1313739;1:DECEASED;32E40E0B-E74B-428C-ACD3-84EC6A80C024;M0;T4B;Tumor Free;12.1313739;0:CENSORED;Female;57
TCGA-EB-A5SG;TCGA-EB-A5SG-06;57;NA;7;3;0.0295;231;68.25130684;0:LIVING;44EB0DAA-A3ED-4AB5-A3E8-91911BAB0DEA;NA;NA;Tumor Free;45.106355;1:PROGRESSION;Female;61
TCGA-EB-A5SH;TCGA-EB-A5SH-06;60;STAGE III;22;-13;0.6368;89;54.0158464;0:LIVING;AA597E8B-7813-4837-B778-4DAFE3B091BB;M0;T4;Tumor Free;35.01331492;1:PROGRESSION;Female;56
TCGA-EB-A5UL;TCGA-EB-A5UL-06;71;STAGE III;14;31;0.3964;395;29.29282967;0:LIVING;F5F42370-9974-4375-B338-5F68BB0C3958;M0;TX;NA;29.29282967;0:CENSORED;Male;80
TCGA-EB-A5UM;TCGA-EB-A5UM-01;48;STAGE IIC;6;-15;0.1776;475;25.61067824;0:LIVING;667D5C5E-ABC0-4FB8-B6C4-739F7CB3F0FE;M0;T4B;Tumor Free;25.61067824;0:CENSORED;Female;60
TCGA-EB-A5UN;TCGA-EB-A5UN-06;49;STAGE IIC;11;-1;0.2864;625;58.91442286;0:LIVING;D6276407-52A3-4F0C-8332-1B3477F6D2FC;M0;T4B;NA;55.5281586;1:PROGRESSION;Male;62
TCGA-EB-A5VU;TCGA-EB-A5VU-01;56;STAGE IIIB;28;25;0.6121;42;10.55330901;1:DECEASED;B6EE9305-C935-4692-81F3-956956D5B4C4;M0;T4B;Tumor Free;7.134168393;1:PROGRESSION;Male;60
TCGA-EB-A5VV;TCGA-EB-A5VV-06;74;STAGE IIIB;0;-37;0.0001;NA;7.035539337;0:LIVING;080BB1F8-F20C-4DAA-9DE3-B5782B69583C;M0;T3B;NA;7.035539337;0:CENSORED;Female;96
TCGA-EB-A6L9;TCGA-EB-A6L9-06;55;STAGE IIIC;29;17;0.0792;18;36.45987441;0:LIVING;FB620E8B-4BE7-4E53-AF04-8E9C27B4DCF0;M0;TX;Tumor Free;36.45987441;0:CENSORED;Male;58
TCGA-EB-A6QY;TCGA-EB-A6QY-01;71;STAGE IIC;29;29;0.5419;503;12.55876648;0:LIVING;82E85AC9-8E3E-4C2E-AE0B-A32CEEB8115D;M0;T4B;Tumor Free;1.183548673;1:PROGRESSION;Male;97
TCGA-EB-A6QZ;TCGA-EB-A6QZ-01;76;STAGE IIA;7;21;0.533;228;11.57247592;1:DECEASED;800F3039-97E0-441E-8292-4CCF1BB4797A;M0;T3A;Tumor Free;4.241049413;1:PROGRESSION;Female;60
TCGA-EB-A6R0;TCGA-EB-A6R0-01;58;STAGE IIC;10;1;0.3033;317;19.98882204;1:DECEASED;5BF40B29-D722-430A-91BC-CAD941EE3694;M0;T4B;Tumor Free;19.98882204;0:CENSORED;Female;115
TCGA-EE-A17X;TCGA-EE-A17X-06;54;STAGE IA;3;25;0.0757;680;29.8188513;1:DECEASED;5F8CC8D6-8A1C-41D0-BAD6-FEDD2948F40A;M0;T1A;With Tumor;17.45734293;1:PROGRESSION;Male;NA
TCGA-EE-A17Y;TCGA-EE-A17Y-06;69;STAGE IIIB;28;29;0.6045;298;27.22161949;1:DECEASED;E699A2A7-DBFF-4122-8114-87D70A56F59F;M0;T3B;With Tumor;10.4218036;1:PROGRESSION;Male;NA
TCGA-EE-A17Z;TCGA-EE-A17Z-06;57;STAGE IIB;5;17;0.2126;1112;8.646480587;1:DECEASED;D84D9C7B-B464-4EA1-8C39-9C929BB34C08;M0;T4A;With Tumor;4.536936582;1:PROGRESSION;Male;NA
TCGA-EE-A180;TCGA-EE-A180-06;69;STAGE III;20;-7;0.8922;447;94.97978104;1:DECEASED;7EE2F8D5-6C31-4F5F-A779-B43979E66D0B;M0;T4A;With Tumor;27.94489923;1:PROGRESSION;Male;NA
TCGA-EE-A181;TCGA-EE-A181-06;82;STAGE II;18;5;0.4017;4531;33.73113719;1:DECEASED;DDE0B2BE-EA43-4DE7-8FEB-CCDC073C6978;M0;T3;Tumor Free;25.90656541;1:PROGRESSION;Female;NA
TCGA-EE-A182;TCGA-EE-A182-06;84;STAGE IIIC;6;3;0.1867;1215;14.69572936;1:DECEASED;714B4003-959A-47D5-8912-A250B90D7CD4;M0;T4B;With Tumor;8.876615051;1:PROGRESSION;Female;NA
TCGA-EE-A183;TCGA-EE-A183-06;48;STAGE 0;6;21;0.1353;2153;NA;NA;5BDADEB6-A1FB-477D-877B-034BFD52294E;M0;TIS;With Tumor;NA;NA;Male;NA
TCGA-EE-A184;TCGA-EE-A184-06;72;STAGE IB;9;-15;0.3107;1085;68.15267778;1:DECEASED;3A8CFEA5-1DCD-4DBB-BBD9-5BB602C54922;M0;T2A;NA;43.03514482;1:PROGRESSION;Male;NA
TCGA-EE-A185;TCGA-EE-A185-06;55;STAGE IIIC;8;27;0.2473;188;4.964329158;1:DECEASED;A01A350D-64BE-4AF3-91C3-7D681C3DB11D;M0;T4B;With Tumor;2.794489923;1:PROGRESSION;Female;NA
TCGA-EE-A20B;TCGA-EE-A20B-06;66;STAGE II;12;-3;0.2283;172;133.8067528;0:LIVING;F632EFFD-BE12-41AB-8E4F-2A5F38AF8BAE;M0;T3;Tumor Free;133.8067528;0:CENSORED;Female;NA
TCGA-EE-A20C;TCGA-EE-A20C-06;59;STAGE 0;16;11;0.398;2073;NA;NA;BC71A91D-8AD1-4BAB-A4FA-89470AA4E4D0;M0;TIS;With Tumor;NA;NA;Male;NA
TCGA-EE-A20F;TCGA-EE-A20F-06;53;STAGE I;3;23;0.3075;1844;91.56064043;0:LIVING;70F52403-B4D0-4E77-96C5-68CE7265E312;M0;T1;Tumor Free;91.56064043;0:CENSORED;Male;NA
TCGA-EE-A20H;TCGA-EE-A20H-06;56;STAGE I;24;17;0.7403;518;168.2611697;1:DECEASED;267B98E7-708F-458A-82D1-5FAA415B9EE7;M0;T2;With Tumor;153.433935;1:PROGRESSION;Male;NA
TCGA-EE-A20I;TCGA-EE-A20I-06;79;STAGE IV;11;19;0.8438;22;13.54505704;1:DECEASED;A67FD5BB-B6B6-4E00-9ACD-68D0A59B5E55;M1C;TX;With Tumor;1.742446658;1:PROGRESSION;Male;NA
TCGA-EE-A29A;TCGA-EE-A29A-06;68;STAGE IIIA;12;7;0.2878;212;63.35273038;1:DECEASED;4811D530-AE99-4670-9F99-86996D667676;M0;T3A;With Tumor;28.50379722;1:PROGRESSION;Male;NA
TCGA-EE-A29B;TCGA-EE-A29B-06;67;STAGE IIB;6;-1;0.1695;494;85.08399908;1:DECEASED;905EA29F-588A-497B-9F06-2EEF3BDC9442;M0;T3B;With Tumor;16.1094125;1:PROGRESSION;Male;NA
TCGA-EE-A29C;TCGA-EE-A29C-06;20;STAGE IB;15;17;0.4169;358;78.9689976;1:DECEASED;FC5B5D2F-0D03-45C2-B7A0-BA6EC108FE51;M0;T2A;With Tumor;6.706775816;1:PROGRESSION;Male;NA
TCGA-EE-A29D;TCGA-EE-A29D-06;87;STAGE IIIC;19;1;0.5927;3088;13.97244962;1:DECEASED;EF608754-3F87-458E-9BCF-4434C54C8C9E;M0;T3B;NA;13.97244962;0:CENSORED;Male;NA
TCGA-EE-A29E;TCGA-EE-A29E-06;54;STAGE IIIB;8;29;0.2805;3621;63.78012296;0:LIVING;83D05B9A-F409-4169-BEF9-E772D2CFBFAF;M0;T3A;Tumor Free;63.78012296;0:CENSORED;Male;NA
TCGA-EE-A29G;TCGA-EE-A29G-06;53;STAGE IIIA;25;3;0.0682;678;72.06496367;1:DECEASED;8EE500D6-C7B3-46E9-86D0-933695934707;M0;T4A;With Tumor;23.86823158;1:PROGRESSION;Male;NA
TCGA-EE-A29H;TCGA-EE-A29H-06;59;STAGE IA;9;15;0.3208;273;64.63490811;0:LIVING;C8BA1856-D055-4DC6-A184-72763C76AAE4;M0;T1A;Tumor Free;40.47078936;1:PROGRESSION;Female;NA
TCGA-EE-A29L;TCGA-EE-A29L-06;78;STAGE IIIC;19;7;0.5918;2210;2.597231811;1:DECEASED;A6C0BFCE-0ADB-4DD0-BBE7-3F9E7DCDF7BF;M0;T4B;NA;1.808199362;1:PROGRESSION;Male;NA
TCGA-EE-A29M;TCGA-EE-A29M-06;33;STAGE IB;15;7;0.3782;1959;56.84321268;0:LIVING;1AF5D168-A3FF-4648-B195-EDE2E7A5CA26;M0;T2A;Tumor Free;56.84321268;0:CENSORED;Female;NA
TCGA-EE-A29N;TCGA-EE-A29N-06;78;STAGE I/II (NOS);6;21;0.1698;576;18.60801526;1:DECEASED;8AAD9690-D1AD-424B-9A80-D7980760D093;M0;TX;With Tumor;15.71489628;1:PROGRESSION;Male;NA
TCGA-EE-A29P;TCGA-EE-A29P-06;73;STAGE IIC;23;-1;0.4631;416;56.4158201;0:LIVING;FD1A49F2-FB3B-481D-888E-F4224D59F6D1;M0;T4B;With Tumor;54.8377552;1:PROGRESSION;Female;NA
TCGA-EE-A29Q;TCGA-EE-A29Q-06;70;STAGE IIB;9;7;0.338;615;66.73899464;1:DECEASED;6A1818F9-9303-41B0-B3B7-07FAF5055C86;M0;T3B;Tumor Free;41.29269816;1:PROGRESSION;Female;NA
TCGA-EE-A29R;TCGA-EE-A29R-06;48;STAGE IIIC;26;1;0.2979;551;14.4655949;0:LIVING;D73D1B38-9AB4-409E-A360-E93F8C54715C;M0;T3B;With Tumor;14.00532597;1:PROGRESSION;Female;NA
TCGA-EE-A29S;TCGA-EE-A29S-06;79;STAGE IIA;7;5;0.2638;1002;61.2815202;1:DECEASED;5DEC1B6A-5D60-463C-9655-FC7ED79CA19D;M0;T3A;With Tumor;46.61866719;1:PROGRESSION;Male;NA
TCGA-EE-A29T;TCGA-EE-A29T-06;51;NA;24;5;0.4683;327;369.9247132;0:LIVING;9B99FFEE-FE9F-4BE5-A00A-EF86627282A4;M0;TX;With Tumor;246.0137423;1:PROGRESSION;Female;NA
TCGA-EE-A29V;TCGA-EE-A29V-06;85;STAGE IIIC;7;31;0.3269;1011;25.87368906;1:DECEASED;01CB0004-FC1E-4DA5-9D27-F458F8D711EE;M0;T3B;With Tumor;3.156129796;1:PROGRESSION;Male;NA
TCGA-EE-A29W;TCGA-EE-A29W-06;42;STAGE 0;30;-9;0.4349;272;NA;NA;D2372037-5EEA-4F98-BD72-551218E83779;M0;TIS;Tumor Free;NA;NA;Male;NA
TCGA-EE-A29X;TCGA-EE-A29X-06;58;STAGE IB;18;23;0.7755;1023;17.91761186;1:DECEASED;26293554-04D3-4FC9-B12E-6A199278ED11;M0;T2A;With Tumor;12.85465365;1:PROGRESSION;Female;NA
TCGA-EE-A2A0;TCGA-EE-A2A0-06;77;STAGE IIA;10;-7;0.2218;521;46.81592531;1:DECEASED;81CEDB9E-EE43-476B-9ED9-8D0FDB346065;M0;T3A;With Tumor;40.99681099;1:PROGRESSION;Female;NA
TCGA-EE-A2A1;TCGA-EE-A2A1-06;46;STAGE IB;9;-25;0.1207;339;115.9548937;0:LIVING;A92E70E1-C57D-45EF-A822-33B361C22291;M0;T2A;Tumor Free;114.6727159;1:PROGRESSION;Male;NA
TCGA-EE-A2A2;TCGA-EE-A2A2-06;71;STAGE IIIC;8;5;0.2314;1305;59.6377026;0:LIVING;585A8D2E-CD09-4A61-B7C9-E8F70CE39E69;M0;T4B;Tumor Free;59.6377026;0:CENSORED;Male;NA
TCGA-EE-A2A5;TCGA-EE-A2A5-06;43;STAGE IB;22;1;0.4609;471;39.28724069;1:DECEASED;865128C9-2E8E-4683-9232-174282AE984D;M0;T2A;With Tumor;33.7968899;1:PROGRESSION;Male;NA
TCGA-EE-A2A6;TCGA-EE-A2A6-06;43;STAGE IA;NA;17;0.3465;379;86.13604235;0:LIVING;CDCF4D91-98A1-4A65-98DD-C6FC80805A0C;M0;T1A;Tumor Free;49.47890982;1:PROGRESSION;Male;NA
TCGA-EE-A2GB;TCGA-EE-A2GB-06;51;STAGE IIIB;17;11;0.5154;577;59.27606273;0:LIVING;E58BED18-503C-4182-BCF3-5AF6F20E1B8A;M0;T2B;Tumor Free;59.27606273;0:CENSORED;Male;NA
TCGA-EE-A2GC;TCGA-EE-A2GC-06;82;STAGE IIB;25;-11;0.1449;1951;67.42939803;0:LIVING;0A4B780E-8143-4118-AD98-FD2A2A6678C3;M0;T3B;Tumor Free;67.42939803;0:CENSORED;Male;NA
TCGA-EE-A2GD;TCGA-EE-A2GD-06;58;STAGE IIB;7;-21;0.1742;480;340.1387382;1:DECEASED;5C567EE6-BD57-448B-AD17-B74EB695B6F5;M0;T4;With Tumor;121.2808627;1:PROGRESSION;Female;NA
TCGA-EE-A2GE;TCGA-EE-A2GE-06;44;STAGE I;21;-3;0.1626;661;173.7843969;0:LIVING;4801C721-166F-4939-8AB7-AA024BEC7089;M0;T2;Tumor Free;173.4556334;1:PROGRESSION;Male;NA
TCGA-EE-A2GH;TCGA-EE-A2GH-06;34;STAGE I;13;9;0.0658;1055;220.2386823;0:LIVING;913F21A9-F727-4983-AB3A-61B5B3FC7F5E;M0;T2;Tumor Free;220.2386823;0:CENSORED;Male;NA
TCGA-EE-A2GI;TCGA-EE-A2GI-06;39;STAGE IA;20;25;0.4153;1564;48.72275372;0:LIVING;B4079A49-BB11-430A-9A1E-19BD46D87FBE;M0;T1A;Tumor Free;48.72275372;0:CENSORED;Male;NA
TCGA-EE-A2GJ;TCGA-EE-A2GJ-06;83;STAGE IA;7;-5;0.28;969;107.3741658;1:DECEASED;A5286CD0-403A-421B-AB58-11E250740B00;M0;T1A;Tumor Free;24.09836605;1:PROGRESSION;Male;NA
TCGA-EE-A2GK;TCGA-EE-A2GK-06;46;STAGE I;0;-35;0.0007;409;54.73912615;0:LIVING;F18CFE4A-FFFD-4E09-9EEF-343BA9FFD0D1;M0;T1;Tumor Free;49.24877536;1:PROGRESSION;Female;NA
TCGA-EE-A2GL;TCGA-EE-A2GL-06;40;STAGE IIA;8;-17;0.0552;306;79.65940099;0:LIVING;9C0240D6-8B75-41AE-8FE8-269831FD1E41;M0;T3A;Tumor Free;76.5690239;1:PROGRESSION;Female;NA
TCGA-EE-A2GM;TCGA-EE-A2GM-06;70;STAGE IIC;30;-13;0.7092;632;75.48410428;0:LIVING;3D0CBBC9-F2EF-4D3E-AD55-B5CAE6787C28;M0;T4B;Tumor Free;40.04339679;1:PROGRESSION;Female;NA
TCGA-EE-A2GN;TCGA-EE-A2GN-06;67;STAGE IIA;18;7;0.5397;1486;102.1139494;1:DECEASED;BE73FDE2-D843-426B-9306-A02D3F2A754B;M0;T2B;Tumor Free;79.62652464;1:PROGRESSION;Male;NA
TCGA-EE-A2GO;TCGA-EE-A2GO-06;66;STAGE II;18;9;0.4682;1901;126.8040898;0:LIVING;783EB662-7D7A-4637-8500-E2D86D73EC7B;M0;T3B;Tumor Free;72.85399612;1:PROGRESSION;Female;NA
TCGA-EE-A2GP;TCGA-EE-A2GP-06;80;STAGE IIIB;23;-3;0.6345;517;13.90669691;1:DECEASED;06F09D1C-BA44-4CF9-A518-762D241A30DB;M0;T4B;With Tumor;8.251964362;1:PROGRESSION;Male;NA
TCGA-EE-A2GR;TCGA-EE-A2GR-06;78;STAGE II;9;5;0.3157;1747;42.772134;1:DECEASED;919DFC28-6B55-452E-884C-48CB86802AC2;M0;T4;Tumor Free;42.772134;1:PROGRESSION;Male;NA
TCGA-EE-A2GS;TCGA-EE-A2GS-06;28;STAGE IB;7;-1;0.2333;303;81.20458954;1:DECEASED;880BB701-F1D3-4BF2-BFC8-143AD8D07B6A;M0;T2A;With Tumor;51.45149094;1:PROGRESSION;Female;NA
TCGA-EE-A2GT;TCGA-EE-A2GT-06;77;STAGE IIA;5;5;0.1631;1689;44.87622054;0:LIVING;97D9DFC9-C937-48B4-B453-DF081950419F;M0;T3A;Tumor Free;9.238254923;1:PROGRESSION;Male;NA
TCGA-EE-A2GU;TCGA-EE-A2GU-06;65;STAGE IA;8;-3;0.2893;503;94.81539928;0:LIVING;24FAA36A-268D-4A13-B3AE-EACD431A2BCC;M0;T1A;Tumor Free;94.81539928;0:CENSORED;Female;NA
TCGA-EE-A2M5;TCGA-EE-A2M5-06;49;STAGE I;5;33;0.055;1965;21.66551599;1:DECEASED;B5E37B9B-6264-4CC8-9B44-1D8AC0692D6C;M0;T2;With Tumor;17.65460105;1:PROGRESSION;Male;NA
TCGA-EE-A2M6;TCGA-EE-A2M6-06;61;STAGE I;24;23;0.5779;579;129.2698162;0:LIVING;58F0AE89-E277-4DFF-BB73-777CDF602DC7;M0;T1;Tumor Free;129.2698162;0:CENSORED;Male;NA
TCGA-EE-A2M7;TCGA-EE-A2M7-06;66;STAGE II;25;-31;0.226;611;28.83256074;1:DECEASED;7B4BCF0E-EC55-489B-870F-A4360A6BEA2F;M0;T3A;With Tumor;26.26820528;1:PROGRESSION;Male;NA
TCGA-EE-A2M8;TCGA-EE-A2M8-06;54;STAGE III;9;-29;0.0178;781;19.75868758;1:DECEASED;5EDA189C-2DE3-429A-80D2-FC644623B37F;M0;T3A;With Tumor;16.37242332;1:PROGRESSION;Female;NA
TCGA-EE-A2MC;TCGA-EE-A2MC-06;73;STAGE I;1;27;0.064;652;61.51165467;1:DECEASED;3791BD88-C61E-46C3-AAA4-942C2169887C;M0;T2;Tumor Free;29.45721143;1:PROGRESSION;Male;NA
TCGA-EE-A2MD;TCGA-EE-A2MD-06;52;STAGE II;8;7;0.2798;2171;47.27619423;1:DECEASED;D28B2D64-2399-4CE1-9C9A-7538DABAB862;M0;T3A;With Tumor;44.18581714;1:PROGRESSION;Male;NA
TCGA-EE-A2ME;TCGA-EE-A2ME-06;51;STAGE I;0;-33;0.0051;522;103.2646218;1:DECEASED;D70E0D27-7F27-4807-A36E-9FB7B00F0A70;M0;T2;With Tumor;88.86477956;1:PROGRESSION;Male;NA
TCGA-EE-A2MF;TCGA-EE-A2MF-06;39;STAGE I;8;7;0.289;621;268.7313016;1:DECEASED;0E2AF161-5A1E-47E1-A7EF-010E47B8CB40;M0;T2;With Tumor;265.3450373;1:PROGRESSION;Female;NA
TCGA-EE-A2MG;TCGA-EE-A2MG-06;23;STAGE I;13;-9;0.0134;949;103.1988691;1:DECEASED;E653F888-37CF-41D5-A1CF-45397C90B31D;M0;T2;With Tumor;84.98537002;1:PROGRESSION;Male;NA
TCGA-EE-A2MH;TCGA-EE-A2MH-06;66;STAGE III;7;19;0.2226;198;16.96419765;1:DECEASED;BD2345ED-33B8-4010-8479-4D6C67E29561;M0;T4A;With Tumor;14.4655949;1:PROGRESSION;Male;NA
TCGA-EE-A2MI;TCGA-EE-A2MI-06;43;STAGE IIB;3;11;0.144;904;204.6552915;1:DECEASED;C061AE6C-7A02-47C3-AECD-A56487C01603;M0;T4;With Tumor;87.878489;1:PROGRESSION;Male;NA
TCGA-EE-A2MJ;TCGA-EE-A2MJ-06;60;STAGE III;10;-1;0.0128;1718;96.22908242;1:DECEASED;8509F10A-C454-45A5-9C22-853FDA423B9F;M0;T4B;Tumor Free;13.01903541;1:PROGRESSION;Male;NA
TCGA-EE-A2MK;TCGA-EE-A2MK-06;18;STAGE III;20;-29;0.5418;615;180.3925436;0:LIVING;47FFE5EF-7D1F-44EB-9307-104771B39381;M0;T4A;Tumor Free;180.3925436;0:CENSORED;Female;NA
TCGA-EE-A2ML;TCGA-EE-A2ML-06;35;STAGE II;4;-25;0.1253;659;216.6551599;1:DECEASED;01CFBFAE-F344-439D-AEAB-A9E15D636325;M0;T3A;With Tumor;163.8228622;1:PROGRESSION;Male;NA
TCGA-EE-A2MM;TCGA-EE-A2MM-06;63;STAGE I;13;-13;0.3094;1313;167.8995299;1:DECEASED;C9DEA107-FC12-4559-AD27-2800AE6B42E4;M0;T2;With Tumor;44.61320972;1:PROGRESSION;Female;NA
TCGA-EE-A2MN;TCGA-EE-A2MN-06;58;STAGE I;9;-7;0.2778;284;47.53920505;1:DECEASED;0797CAAF-18AD-41C6-820A-E96554D14B31;M0;T2;With Tumor;31.85718513;1:PROGRESSION;Male;NA
TCGA-EE-A2MP;TCGA-EE-A2MP-06;34;STAGE I;23;15;0.1991;395;248.6438505;0:LIVING;54782BD7-79BE-4E3C-BF99-844E7BB0E5D7;M0;T2;With Tumor;11.9998685;1:PROGRESSION;Female;NA
TCGA-EE-A2MQ;TCGA-EE-A2MQ-06;70;STAGE IIIA;14;11;0.3934;623;43.23240293;1:DECEASED;C127FFB6-2CCF-4E90-B811-0AA40EBFAB17;M0;T3A;With Tumor;32.41608311;1:PROGRESSION;Female;NA
TCGA-EE-A2MR;TCGA-EE-A2MR-06;61;STAGE I;15;-13;0.0001;2917;134.3985271;0:LIVING;449C9D70-D8AA-41D4-BEEB-0BBFC73A23D8;M0;T2;Tumor Free;103.10024;1:PROGRESSION;Male;NA
TCGA-EE-A2MS;TCGA-EE-A2MS-06;72;STAGE II;19;-9;0.6029;2458;162.4749318;0:LIVING;4A4F5EE9-B588-4357-B058-EFFBFB53E2C3;M0;T3A;Tumor Free;61.90617089;1:PROGRESSION;Male;NA
TCGA-EE-A2MT;TCGA-EE-A2MT-06;45;STAGE IB;2;33;0.1305;791;71.21017852;0:LIVING;69A17647-493F-46D2-9CF0-6596E56289A0;M0;T2A;Tumor Free;71.21017852;0:CENSORED;Male;NA
TCGA-EE-A2MU;TCGA-EE-A2MU-06;71;STAGE IA;23;17;0.1636;576;53.25969031;0:LIVING;0DCD7AF7-EA83-4131-821D-A17943919C1A;M0;T1A;Tumor Free;53.25969031;0:CENSORED;Male;NA
TCGA-EE-A3AA;TCGA-EE-A3AA-06;47;STAGE III;11;9;0.031;2741;124.3054871;0:LIVING;AA55097F-4FD6-45E7-A394-F4122CEAFC51;M0;T0;Tumor Free;124.3054871;0:CENSORED;Male;NA
TCGA-EE-A3AB;TCGA-EE-A3AB-06;30;STAGE III;17;23;0.2805;659;122.7274222;0:LIVING;0F7FF1FC-95EC-4EB5-A308-6B8F24EEC29A;M0;T0;Tumor Free;122.7274222;0:CENSORED;Male;NA
TCGA-EE-A3AC;TCGA-EE-A3AC-06;47;STAGE III;5;13;0.1252;1863;64.04313377;0:LIVING;C5476668-4B3F-47BB-9D67-488CEF891243;M0;T0;Tumor Free;64.04313377;0:CENSORED;Male;NA
TCGA-EE-A3AD;TCGA-EE-A3AD-06;50;STAGE III;17;5;0.516;1609;28.76680804;1:DECEASED;0F1FB775-C4A2-4A1E-8B09-F935233CDAEE;M0;T0;Tumor Free;18.21349903;1:PROGRESSION;Male;NA
TCGA-EE-A3AE;TCGA-EE-A3AE-06;52;STAGE IA;21;-11;0.3573;1238;54.50899168;0:LIVING;93A31E9F-6557-4F15-A49F-5DFEA2C588B2;M0;T1A;Tumor Free;54.50899168;0:CENSORED;Female;NA
TCGA-EE-A3AF;TCGA-EE-A3AF-06;48;STAGE IIIC;10;9;0.3115;875;13.80806786;1:DECEASED;015BA831-106B-4B84-9E8C-243A9EEEEBF6;M0;T0;With Tumor;6.60814676;1:PROGRESSION;Female;NA
TCGA-EE-A3AG;TCGA-EE-A3AG-06;25;STAGE III;13;41;0.4699;1954;41.58858533;1:DECEASED;F09F3062-F904-4AFF-9CD6-38EED201E652;M0;T0;With Tumor;7.528684617;1:PROGRESSION;Male;NA
TCGA-EE-A3AH;TCGA-EE-A3AH-06;30;STAGE II;12;21;0.3107;534;138.8039583;1:DECEASED;92D79156-9139-487B-8582-CE0E87B4ECD0;M0;T3B;With Tumor;65.12805339;1:PROGRESSION;Male;NA
TCGA-EE-A3J3;TCGA-EE-A3J3-06;42;STAGE IB;19;15;0.3863;133;172.1734556;1:DECEASED;B34E2AC6-0661-4F7C-97F5-F1F3B54AA0E4;M0;T2;With Tumor;148.6997403;1:PROGRESSION;Male;NA
TCGA-EE-A3J4;TCGA-EE-A3J4-06;72;STAGE II;5;21;0.2164;268;127.198606;1:DECEASED;40005536-5325-4063-929D-0917726607CB;M0;T3A;With Tumor;46.98030707;1:PROGRESSION;Male;NA
TCGA-EE-A3J5;TCGA-EE-A3J5-06;71;STAGE III;10;13;0.3544;1811;36.95301969;1:DECEASED;D6283AB0-9019-4AD2-93AA-2E6B39CD9641;M0;T4A;With Tumor;15.3532564;1:PROGRESSION;Male;NA
TCGA-EE-A3J7;TCGA-EE-A3J7-06;43;STAGE I;28;13;0.695;817;64.07601013;0:LIVING;3DF3F0A9-BA52-4C50-910F-828439B0EE14;M0;T2;Tumor Free;41.75296709;1:PROGRESSION;Male;NA
TCGA-EE-A3J8;TCGA-EE-A3J8-06;59;STAGE IIIA;6;-5;0.1991;220;34.32291153;1:DECEASED;0D68ACEF-B6A0-4A8B-9088-15B9103E6AAF;M0;T4A;Tumor Free;34.02702436;1:PROGRESSION;Male;NA
TCGA-EE-A3JA;TCGA-EE-A3JA-06;44;STAGE IB;22;-29;0.6803;836;53.1939376;1:DECEASED;41C4F51A-E908-42F9-9805-5CFF5B12708C;M0;T2A;With Tumor;17.72035375;1:PROGRESSION;Male;NA
TCGA-EE-A3JB;TCGA-EE-A3JB-06;60;STAGE III;21;11;0.6123;518;201.7950488;0:LIVING;6E1040D2-DEE0-43C9-8462-FC0859D7D2AF;M0;T3A;With Tumor;47.14468883;1:PROGRESSION;Female;NA
TCGA-EE-A3JD;TCGA-EE-A3JD-06;70;STAGE III;4;5;0.0001;1930;27.3531249;1:DECEASED;B8A1732F-C1CB-4A02-AF4F-61B63D3D52DF;M0;TX;With Tumor;11.96699214;1:PROGRESSION;Male;NA
TCGA-EE-A3JE;TCGA-EE-A3JE-06;75;STAGE IIIB;5;-11;0.0004;243;51.35286189;0:LIVING;ACD3DEAF-39DF-4996-B6CE-2B295B9315A1;M0;T3B;Tumor Free;6.378012296;1:PROGRESSION;Male;NA
TCGA-EE-A3JH;TCGA-EE-A3JH-06;54;STAGE IB;26;-1;0.0641;143;134.3327744;0:LIVING;2E7CFA51-8965-4C11-8FEF-077FD258FBE4;M0;T2;Tumor Free;17.65460105;1:PROGRESSION;Male;NA
TCGA-EE-A3JI;TCGA-EE-A3JI-06;48;STAGE I;21;-23;0.5506;991;152.8092843;1:DECEASED;296F44F9-3ECB-4B40-AE51-C3A06E3FBE00;M0;T2;With Tumor;23.83535523;1:PROGRESSION;Male;NA
TCGA-ER-A193;TCGA-ER-A193-06;62;STAGE IIB;8;3;0.2216;1694;31.3969162;1:DECEASED;8AB09143-DAF6-40A9-85D3-0FE9DE7B3E06;M0;T3B;With Tumor;26.49833974;1:PROGRESSION;Male;NA
TCGA-ER-A194;TCGA-ER-A194-01;77;NA;3;-15;0.1141;1127;44.51458066;1:DECEASED;2BBF00F4-7798-4DAD-9894-96202C9132BE;M0;NA;With Tumor;44.51458066;1:PROGRESSION;Male;NA
TCGA-ER-A195;TCGA-ER-A195-06;46;NA;4;-7;0.1628;651;35.4407075;1:DECEASED;51B4E55C-5307-4A13-9B2A-FBD58575335E;M0;TX;With Tumor;35.4407075;1:PROGRESSION;Male;NA
TCGA-ER-A196;TCGA-ER-A196-01;64;STAGE IIC;1;13;0.111;253;58.68428839;0:LIVING;A9EB1022-FFD3-42DE-A39D-2126FC7EC0CE;M0;T4B;Tumor Free;58.68428839;0:CENSORED;Female;NA
TCGA-ER-A197;TCGA-ER-A197-06;83;STAGE IIIB;26;13;0.3285;44;13.93957327;1:DECEASED;3EBB2374-4518-4E19-9B65-9C3E66252C4C;M0;T4B;With Tumor;3.616398724;1:PROGRESSION;Female;NA
TCGA-ER-A198;TCGA-ER-A198-06;45;NA;1;13;0.0963;418;50.76108755;1:DECEASED;EA240769-E51C-45F5-A131-BA123E598622;M0;NA;With Tumor;0;1:PROGRESSION;Male;NA
TCGA-ER-A199;TCGA-ER-A199-06;86;STAGE IIIC;26;3;0.1139;245;9.172502219;1:DECEASED;E218FC54-1139-4944-82E2-742839E5553A;M0;T4B;With Tumor;3.912285893;1:PROGRESSION;Female;NA
TCGA-ER-A19A;TCGA-ER-A19A-06;79;STAGE IV;NA;-5;0.0001;154;77.75257258;0:LIVING;41FCB9D3-9FB0-4625-98F4-1F564095EBC2;M1;TX;Tumor Free;53.16106125;1:PROGRESSION;Male;NA
TCGA-ER-A19B;TCGA-ER-A19B-06;42;NA;21;25;0.5624;1525;98.39892166;1:DECEASED;F7368803-C545-4407-9A14-2220560A8F80;M0;TX;With Tumor;27.25449584;1:PROGRESSION;Male;NA
TCGA-ER-A19C;TCGA-ER-A19C-06;77;STAGE I;16;17;0.4323;598;48.88713548;1:DECEASED;D5F8B18C-8AE7-457A-AA3E-C4BD77B276AB;M0;T2A;With Tumor;48.88713548;1:PROGRESSION;Male;NA
TCGA-ER-A19D;TCGA-ER-A19D-06;46;STAGE IB;13;-13;0.4009;390;12.59164283;1:DECEASED;3409F118-1798-48D6-9556-12A5C77EBEFB;M0;T2A;With Tumor;11.73685768;1:PROGRESSION;Female;NA
TCGA-ER-A19E;TCGA-ER-A19E-06;36;STAGE IB;20;19;0.629;541;13.01903541;1:DECEASED;3FEA3F02-2DB3-44E0-984E-C61130D92C9B;M0;T2A;With Tumor;2.104086531;1:PROGRESSION;Female;NA
TCGA-ER-A19F;TCGA-ER-A19F-06;82;NA;5;7;0.1682;1661;26.36683434;1:DECEASED;0BB8C284-412B-4BBC-A508-D0A21DB376CD;M0;NA;Tumor Free;26.36683434;0:CENSORED;Male;NA
TCGA-ER-A19G;TCGA-ER-A19G-06;48;NA;24;27;0.1923;951;302.0679225;0:LIVING;90AA7540-93E7-4FFA-9E77-879198BE1E7B;M0;NA;Tumor Free;302.0679225;0:CENSORED;Female;NA
TCGA-ER-A19H;TCGA-ER-A19H-06;40;NA;17;-7;0.5512;963;152.3490154;1:DECEASED;E11A109D-31CB-40F7-AA17-50797B287A4F;M0;NA;Tumor Free;152.3490154;0:CENSORED;Male;NA
TCGA-ER-A19J;TCGA-ER-A19J-06;54;STAGE IV;8;-11;0.224;185;6.443765;1:DECEASED;CE28F65D-4AE8-4E63-815F-5B8D4389E092;M1;TX;With Tumor;3.2218825;1:PROGRESSION;Male;NA
TCGA-ER-A19K;TCGA-ER-A19K-01;79;STAGE IIC;5;13;0.0946;387;15.41900911;1:DECEASED;F9E36BC2-484F-48E8-82BA-99026957277A;M0;T4B;With Tumor;6.93691028;1:PROGRESSION;Female;NA
TCGA-ER-A19L;TCGA-ER-A19L-06;35;NA;12;-1;0.3543;60;131.5054082;1:DECEASED;5F6DF69C-4EBF-4811-8B28-AD393DFBE1A3;NA;NA;With Tumor;121.2808627;1:PROGRESSION;Male;NA
TCGA-ER-A19M;TCGA-ER-A19M-06;36;STAGE IB;17;29;0.1363;393;61.05138574;1:DECEASED;7A918706-C697-4CEF-9661-346C5A612FF8;M0;T2A;With Tumor;37.87355755;1:PROGRESSION;Male;NA
TCGA-ER-A19N;TCGA-ER-A19N-06;47;NA;12;-3;0.122;1151;44.08718809;1:DECEASED;9EE83669-D7A4-476E-8857-304600B4917A;NA;NA;Tumor Free;0;1:PROGRESSION;Male;NA
TCGA-ER-A19O;TCGA-ER-A19O-06;56;STAGE IIIB;5;-3;0.1723;219;NA;1:DECEASED;69C0EF46-3117-46F3-B36E-581EB03EB829;M0;T3B;With Tumor;10.12591643;1:PROGRESSION;Male;NA
TCGA-ER-A19P;TCGA-ER-A19P-06;47;NA;8;-27;0.0267;2913;162.0804156;1:DECEASED;FECFF768-2CF4-487F-8EA4-C24A947330B7;M0;NA;With Tumor;143.0778841;1:PROGRESSION;Female;NA
TCGA-ER-A19Q;TCGA-ER-A19Q-06;37;NA;7;15;0.2918;487;50.89259296;1:DECEASED;391EAB51-B140-4BC2-BC8C-99400FBA9066;M0;NA;With Tumor;41.39132722;1:PROGRESSION;Female;NA
TCGA-ER-A19S;TCGA-ER-A19S-06;81;NA;11;-7;0.1518;196;49.47890982;0:LIVING;F405C603-BCBC-434F-B620-C32EB27B215B;NA;NA;Tumor Free;49.47890982;0:CENSORED;Female;NA
TCGA-ER-A19T;TCGA-ER-A19T-01;51;STAGE IV;19;23;0.6717;216;8.876615051;1:DECEASED;B85B14D7-3B5A-4800-AF12-622EC03B9FE5;M1A;T4A;With Tumor;3.879409541;1:PROGRESSION;Male;78
TCGA-ER-A19T;TCGA-ER-A19T-06;51;STAGE IV;17;23;0.7116;422;8.876615051;1:DECEASED;B85B14D7-3B5A-4800-AF12-622EC03B9FE5;M1A;T4A;With Tumor;3.879409541;1:PROGRESSION;Male;78
TCGA-ER-A19W;TCGA-ER-A19W-06;48;NA;10;11;0.2499;274;148.1737186;1:DECEASED;E952FD3D-8E99-4199-BBCD-03C9A3430EE2;NA;NA;With Tumor;135.6478285;1:PROGRESSION;Female;NA
TCGA-ER-A1A1;TCGA-ER-A1A1-06;58;STAGE IIIC;0;-9;0.0008;695;105.0728211;0:LIVING;1251ACEE-CEB4-4530-BA5B-4D163FCAB8D2;M0;TX;Tumor Free;64.79928987;1:PROGRESSION;Male;NA
TCGA-ER-A2NB;TCGA-ER-A2NB-01;57;STAGE IIIB;19;17;0.1444;69;28.1750337;1:DECEASED;BDA2F09A-82C4-40EC-90E8-0BF63916A5C7;M0;T4B;With Tumor;15.15599829;1:PROGRESSION;Male;NA
TCGA-ER-A2NC;TCGA-ER-A2NC-06;50;STAGE IB;11;-9;0.1952;348;43.82417727;1:DECEASED;B9607824-A8D3-4915-AB73-962CDCFD8DC3;M0;T2A;With Tumor;38.03793931;1:PROGRESSION;Male;NA
TCGA-ER-A2ND;TCGA-ER-A2ND-06;57;STAGE IIIC;20;9;0.6994;101;23.34220995;1:DECEASED;1B3F92B7-658A-4BBD-B086-20C1CD976D54;M0;T1B;With Tumor;23.34220995;1:PROGRESSION;Female;NA
TCGA-ER-A2NE;TCGA-ER-A2NE-06;39;STAGE 0;9;15;0.9421;153;NA;NA;1068AD76-612E-40EE-B2FA-916DA14B7916;M0;TIS;With Tumor;NA;NA;Male;NA
TCGA-ER-A2NF;TCGA-ER-A2NF-01;53;STAGE IIIB;7;-23;0.3035;54;28.83256074;1:DECEASED;D32A4219-4CCA-470F-B6B3-11447D9F5E0B;M0;T3B;With Tumor;7.561560969;1:PROGRESSION;Male;NA
TCGA-ER-A2NF;TCGA-ER-A2NF-06;53;STAGE IIIB;8;-23;0.3067;268;28.83256074;1:DECEASED;D32A4219-4CCA-470F-B6B3-11447D9F5E0B;M0;T3B;With Tumor;7.561560969;1:PROGRESSION;Male;NA
TCGA-ER-A2NG;TCGA-ER-A2NG-06;43;STAGE IIIC;11;11;0.2759;226;48.98576454;1:DECEASED;F788F950-7953-47A6-B833-F9E5DAA28FD3;M0;T3B;With Tumor;25.18328566;1:PROGRESSION;Female;NA
TCGA-ER-A2NH;TCGA-ER-A2NH-06;49;STAGE IIIC;9;7;0.2885;888;41.55570898;0:LIVING;6C353B35-4F6D-4A36-BC8B-8A21DD0BEECB;M0;T3A;Tumor Free;41.55570898;0:CENSORED;Male;NA
TCGA-ER-A3ES;TCGA-ER-A3ES-06;25;NA;1;-21;0.1219;21;247.0329092;1:DECEASED;B93F703E-BE51-4469-AAAC-2D4A87A37639;NA;NA;With Tumor;247.0329092;1:PROGRESSION;Male;NA
TCGA-ER-A3ET;TCGA-ER-A3ET-06;64;STAGE IIIA;11;9;0.3138;90;93.00719992;1:DECEASED;4AFA82F8-B317-4763-808C-C944CA6661D3;M0;T3A;With Tumor;80.05391722;1:PROGRESSION;Female;NA
TCGA-ER-A3EV;TCGA-ER-A3EV-06;55;STAGE III;9;17;0.4262;78;46.98030707;1:DECEASED;E35BE832-6972-4677-B985-02E90D51141A;M0;T4;With Tumor;23.93398429;1:PROGRESSION;Male;90
TCGA-ER-A3PL;TCGA-ER-A3PL-06;30;STAGE IV;30;7;0.5262;293;33.20511556;0:LIVING;88314F23-3446-4102-A117-B65A8520D8E6;M1A;T3B;With Tumor;31.06815268;1:PROGRESSION;Male;NA
TCGA-ER-A42H;TCGA-ER-A42H-01;76;NA;20;7;0.52;56;14.00532597;1:DECEASED;EA3C0988-17C7-4EB0-A1A6-CEF1E0865384;NA;NA;With Tumor;8.514975178;1:PROGRESSION;Male;NA
TCGA-ER-A42K;TCGA-ER-A42K-06;40;STAGE IIIC;8;15;0.3172;165;12.9532827;1:DECEASED;691A5156-281D-4FD6-B44A-299A3E8DC3E3;M0;T4B;With Tumor;6.77252852;1:PROGRESSION;Female;NA
TCGA-ER-A42L;TCGA-ER-A42L-06;49;STAGE II;35;-1;0.0421;758;149.0285038;0:LIVING;021A9431-7FDC-42B8-9FF0-E17DED79FF1D;M0;T3;With Tumor;125.324654;1:PROGRESSION;Male;NA
TCGA-FR-A2OS;TCGA-FR-A2OS-01;49;STAGE IIC;6;17;0.1551;13;12.09849755;1:DECEASED;F1A69042-8347-45C1-B925-8526A8443B86;M0;T4B;With Tumor;9.304007627;1:PROGRESSION;Female;84
TCGA-FR-A3R1;TCGA-FR-A3R1-01;69;STAGE IIC;3;-3;0.1156;334;22.52030115;0:LIVING;68567581-0BE3-48F1-8DCD-487BC0C1E6F6;M0;T4B;Tumor Free;22.29016668;1:PROGRESSION;Male;84
TCGA-FR-A3YN;TCGA-FR-A3YN-06;44;STAGE IB;32;-17;0.4047;463;92.97432357;0:LIVING;F027DA44-6ADC-4207-93AC-E8BF45A1BF3D;M0;T2A;Tumor Free;92.97432357;0:CENSORED;Male;89
TCGA-FR-A3YO;TCGA-FR-A3YO-06;NA;STAGE I/II (NOS);20;27;0.2875;696;NA;0:LIVING;62E928C1-DF8B-4771-AE46-5DA40794DAF2;M0;T2;With Tumor;NA;0:CENSORED;Female;48
TCGA-FR-A44A;TCGA-FR-A44A-06;29;STAGE II;24;-1;0.272;245;174.2117895;0:LIVING;18E7B73C-4520-42CD-AC9B-23BAC1C8ECC6;M0;T3A;Tumor Free;174.2117895;0:CENSORED;Female;105
TCGA-FR-A69P;TCGA-FR-A69P-06;34;STAGE IIIC;22;-7;0.5784;185;15.71489628;0:LIVING;CCF8809A-CDFD-46F7-B607-001B8B91C1A4;NA;TX;NA;9.008120459;1:PROGRESSION;Female;76
TCGA-FR-A726;TCGA-FR-A726-01;90;STAGE IIC;5;19;0.193;5863;10.02728737;1:DECEASED;49F961AF-1126-431D-93CD-18941C1738F3;M0;T4B;Tumor Free;8.975244107;1:PROGRESSION;Male;81
TCGA-FR-A728;TCGA-FR-A728-01;54;STAGE IIIB;13;9;0.1193;331;19.16691324;0:LIVING;EA6337B3-3B5E-489E-AE2F-2908447F6300;M0;T4B;With Tumor;2.104086531;1:PROGRESSION;Female;87
TCGA-FR-A729;TCGA-FR-A729-06;38;STAGE I;22;-3;0.3933;736;220.7975803;0:LIVING;F55914F3-F19A-4D93-B368-554EC1A9CF40;M0;T1;Tumor Free;207.0881415;1:PROGRESSION;Female;83
TCGA-FR-A7U8;TCGA-FR-A7U8-06;50;STAGE IIIC;9;29;0.3169;30;27.84627018;0:LIVING;23809CE7-77B4-432F-BDA2-678F822B604A;M0;TX;With Tumor;18.64089161;1:PROGRESSION;Male;75
TCGA-FR-A7U9;TCGA-FR-A7U9-06;63;STAGE IIIC;15;35;0.0504;1507;18.77239702;0:LIVING;1FB5B4FD-8891-4A21-96B6-45D4B848CC66;M0;T3B;With Tumor;3.123253444;1:PROGRESSION;Female;67
TCGA-FR-A7UA;TCGA-FR-A7UA-06;65;STAGE IB;6;-15;0.0543;152;38.26807378;0:LIVING;E3905D75-9D0A-4981-AB42-83CE2C20C4EA;M0;T2A;With Tumor;38.26807378;0:CENSORED;Female;87
TCGA-FR-A8YC;TCGA-FR-A8YC-06;78;STAGE IIB;12;-5;0.4369;2480;34.81605681;1:DECEASED;D781260C-F969-456E-BF16-044DC5B181A4;M0;T3B;With Tumor;34.81605681;1:PROGRESSION;Male;74
TCGA-FR-A8YD;TCGA-FR-A8YD-06;56;STAGE IIC;9;23;0.3515;105;36.2626163;1:DECEASED;2897A728-EC7B-4321-B0FE-3575B7C6EE39;M0;T4B;With Tumor;36.2626163;1:PROGRESSION;Female;77
TCGA-FR-A8YE;TCGA-FR-A8YE-06;41;STAGE IA;7;-23;0.0146;284;104.4152941;0:LIVING;A0BB7E56-85E1-4BC7-9515-F4279356E6D1;M0;T1A;Tumor Free;104.4152941;0:CENSORED;Male;79
TCGA-FS-A1YW;TCGA-FS-A1YW-06;52;STAGE IB;7;-27;0.2813;152;216.9181708;1:DECEASED;57DD4D65-CFAD-4533-92B4-90742289603B;M0;T1B;With Tumor;216.9181708;1:PROGRESSION;Male;NA
TCGA-FS-A1YX;TCGA-FS-A1YX-06;39;STAGE I;12;-9;0.819;50;48.59124832;1:DECEASED;4537C0E1-B2BD-425F-A6F4-27F4733DC25A;M0;T2;With Tumor;48.59124832;1:PROGRESSION;Female;NA
TCGA-FS-A1YY;TCGA-FS-A1YY-06;55;STAGE IIA;7;5;0.2349;169;228.5892757;1:DECEASED;C3A8881B-70F8-402C-AC75-1CC49FCA4E87;M0;T3A;With Tumor;222.8030378;1:PROGRESSION;Female;NA
TCGA-FS-A1Z0;TCGA-FS-A1Z0-06;32;STAGE IA;9;-11;0.2925;1063;202.649834;1:DECEASED;6A1966C3-7F01-4304-B4A1-C4EF683B179A;M0;T1A;With Tumor;180.9185653;1:PROGRESSION;Female;NA
TCGA-FS-A1Z3;TCGA-FS-A1Z3-06;72;STAGE IV;9;-19;0.2464;861;20.9093599;1:DECEASED;29BCB876-5A91-4D56-AF47-7B4C856C151F;M1;TX;With Tumor;9.073873163;1:PROGRESSION;Female;NA
TCGA-FS-A1Z4;TCGA-FS-A1Z4-06;62;STAGE I;11;15;0.0009;608;28.07640464;1:DECEASED;8465257B-7212-44A3-BD9F-1F7D017499AD;M0;T1;With Tumor;28.07640464;1:PROGRESSION;Male;NA
TCGA-FS-A1Z7;TCGA-FS-A1Z7-06;19;STAGE IIIC;12;9;0.2954;154;7.791695434;1:DECEASED;F3BB6362-6801-4C95-A828-09C0002A8B87;M0;T4B;With Tumor;4.471183877;1:PROGRESSION;Male;NA
TCGA-FS-A1ZA;TCGA-FS-A1ZA-06;45;STAGE IIIB;19;11;0.2215;1085;27.71476477;1:DECEASED;177B515E-BCB9-4A08-9B38-3CCDEC0E293F;M0;T4B;With Tumor;21.7970214;1:PROGRESSION;Female;NA
TCGA-FS-A1ZB;TCGA-FS-A1ZB-06;57;STAGE II;4;23;0.1993;1227;48.85425913;1:DECEASED;6F2EF983-0A22-4A65-9E53-8742AC89A1C4;M0;T3A;With Tumor;48.03235033;1:PROGRESSION;Male;NA
TCGA-FS-A1ZC;TCGA-FS-A1ZC-06;51;STAGE I/II (NOS);17;27;0.4177;750;357.3659467;1:DECEASED;B1739CB5-09BC-414A-8F05-C66D2CB9868D;M0;TX;With Tumor;339.744222;1:PROGRESSION;Male;NA
TCGA-FS-A1ZD;TCGA-FS-A1ZD-06;63;STAGE IIA;19;-7;0.4651;461;53.52270112;1:DECEASED;C2948FE9-5798-43BC-A743-511E94E417F8;M0;T2B;With Tumor;49.215899;1:PROGRESSION;Male;NA
TCGA-FS-A1ZE;TCGA-FS-A1ZE-06;40;STAGE IIC;6;-9;0.1986;121;46.45428543;1:DECEASED;2C79ADD1-8093-4E81-8F80-069AF7B7C2FA;M0;T4B;Tumor Free;25.0189039;1:PROGRESSION;Male;NA
TCGA-FS-A1ZF;TCGA-FS-A1ZF-06;78;STAGE IIC;8;19;0.2767;205;15.45188546;1:DECEASED;E0D36CC0-652C-4224-BB10-09D15C7BD8F1;M0;T4B;With Tumor;15.45188546;1:PROGRESSION;Female;NA
TCGA-FS-A1ZG;TCGA-FS-A1ZG-06;60;STAGE IIIC;7;-17;0.2053;1848;9.698523852;1:DECEASED;F52AE9F4-8A61-4FF2-9C24-23F4048D3DA6;M0;T4B;With Tumor;4.602689286;1:PROGRESSION;Female;NA
TCGA-FS-A1ZH;TCGA-FS-A1ZH-06;71;STAGE IV;19;-1;0.274;57;32.74484663;1:DECEASED;9F5BD948-DC3D-4B17-A114-D2F5C46FE10C;M1C;T3B;With Tumor;18.96965513;1:PROGRESSION;Female;NA
TCGA-FS-A1ZJ;TCGA-FS-A1ZJ-06;75;STAGE I;13;11;0.464;463;47.37482329;1:DECEASED;2F0661E5-5006-481E-9B40-7B1EC96EAA3C;M0;T2;With Tumor;40.27353125;1:PROGRESSION;Female;NA
TCGA-FS-A1ZK;TCGA-FS-A1ZK-06;68;STAGE II;21;21;0.6853;1453;23.93398429;1:DECEASED;1404791B-86BF-4DFD-85B4-C8FF356F109C;M0;T4;With Tumor;12.0656212;1:PROGRESSION;Male;NA
TCGA-FS-A1ZM;TCGA-FS-A1ZM-06;74;STAGE III;22;11;0.6907;746;101.2591643;0:LIVING;9937259A-9D47-483C-8773-B3C60E02A653;M0;T2;Tumor Free;101.2591643;0:CENSORED;Male;NA
TCGA-FS-A1ZN;TCGA-FS-A1ZN-01;43;STAGE IIIA;5;5;0.1371;664;23.99973699;1:DECEASED;9D86940D-50FB-4D2F-8B1E-539196885F46;M0;T4B;With Tumor;11.86836309;1:PROGRESSION;Male;NA
TCGA-FS-A1ZP;TCGA-FS-A1ZP-06;52;STAGE II;5;-27;0.1303;1259;74.72794819;1:DECEASED;4CDB18F5-47BF-475F-B34C-FA4912515268;M0;T3;With Tumor;74.72794819;1:PROGRESSION;Male;NA
TCGA-FS-A1ZQ;TCGA-FS-A1ZQ-06;31;STAGE I/II (NOS);11;23;0.6924;1130;133.543742;1:DECEASED;B91AF125-A024-4BA3-A5E8-99955FF9EFC5;M0;TX;With Tumor;129.532827;1:PROGRESSION;Male;NA
TCGA-FS-A1ZR;TCGA-FS-A1ZR-06;36;STAGE II;12;-7;0.2993;1030;11.40809416;1:DECEASED;9F4DDE50-FA0C-43BF-8D5D-70B76CC35793;M0;T2;With Tumor;4.99720551;1:PROGRESSION;Male;NA
TCGA-FS-A1ZS;TCGA-FS-A1ZS-06;54;STAGE I;19;1;0.365;235;148.7983693;0:LIVING;31E94518-F6DD-4458-94D8-DDA3CC7A0831;M0;T2;With Tumor;94.05924319;1:PROGRESSION;Male;NA
TCGA-FS-A1ZT;TCGA-FS-A1ZT-06;55;STAGE III;4;-21;0.307;147;53.16106125;0:LIVING;57882F61-4A32-49F1-AFD4-61C70B184D8B;M0;T2;Tumor Free;53.16106125;0:CENSORED;Male;NA
TCGA-FS-A1ZU;TCGA-FS-A1ZU-06;70;STAGE IIC;20;23;0.4868;154;26.56409245;1:DECEASED;7CE09A09-074E-4F38-BED7-98AB34347FBE;M0;T4B;With Tumor;22.32304304;1:PROGRESSION;Female;NA
TCGA-FS-A1ZW;TCGA-FS-A1ZW-06;65;STAGE IIIB;12;1;0.1578;589;49.47890982;0:LIVING;49A6F6A6-BF6F-45CF-93DC-B006B4A0637D;M0;T2B;Tumor Free;49.47890982;0:CENSORED;Male;NA
TCGA-FS-A1ZY;TCGA-FS-A1ZY-06;71;STAGE IIB;19;1;0.5649;109;27.09011408;1:DECEASED;A3DF4BA6-538E-4B53-A356-EB1EF743B2AB;M0;T3B;With Tumor;27.09011408;1:PROGRESSION;Male;NA
TCGA-FS-A1ZZ;TCGA-FS-A1ZZ-06;54;STAGE IIB;5;7;0.2093;1527;27.02436138;1:DECEASED;F6FF5E77-60D8-4987-9A92-654FD4DB81F1;M0;T3B;With Tumor;27.02436138;1:PROGRESSION;Female;NA
TCGA-FS-A4F0;TCGA-FS-A4F0-06;67;STAGE IIB;3;-25;0.1017;467;77.81832528;0:LIVING;4EB16FB1-0FCF-4C47-80FA-B7ACC3A59A12;M0;T4A;Tumor Free;28.66817898;1:PROGRESSION;Female;NA
TCGA-FS-A4F2;TCGA-FS-A4F2-06;46;STAGE IIC;31;31;0.6958;NA;50.13643686;1:DECEASED;4D22DCE6-0F25-44EE-89E7-5B5EE2EE9799;M0;T4B;With Tumor;50.13643686;1:PROGRESSION;Female;NA
TCGA-FS-A4F4;TCGA-FS-A4F4-06;64;STAGE II;9;5;0.2479;39;66.67324194;1:DECEASED;74596C13-8B5D-4289-A3C0-446FA968B241;M0;T3A;With Tumor;66.67324194;1:PROGRESSION;Male;NA
TCGA-FS-A4F5;TCGA-FS-A4F5-06;77;STAGE IB;23;-1;0.7036;648;28.73393168;1:DECEASED;87DC5C05-3121-46BF-ADBA-061F45CECF27;M0;T2A;With Tumor;28.73393168;1:PROGRESSION;Female;NA
TCGA-FS-A4F8;TCGA-FS-A4F8-06;52;STAGE I;13;-7;0.1542;159;174.8364402;1:DECEASED;2F5813A8-97A6-4A96-886D-38F29272B16C;M0;T1;With Tumor;174.8364402;1:PROGRESSION;Male;NA
TCGA-FS-A4F9;TCGA-FS-A4F9-06;80;STAGE IIIC;5;3;0.139;379;34.02702436;0:LIVING;0CAA706A-251F-43A0-897A-111AEC0ACC82;M0;T4B;Tumor Free;12.36150837;1:PROGRESSION;Male;NA
TCGA-FS-A4FB;TCGA-FS-A4FB-06;46;STAGE III;7;13;0.2394;158;26.72847421;1:DECEASED;64D46463-8039-41D1-9BBB-0CA0504356C2;M0;T2;With Tumor;26.72847421;1:PROGRESSION;Female;NA
TCGA-FS-A4FC;TCGA-FS-A4FC-06;75;STAGE IIA;2;-3;0.0827;610;54.41036263;1:DECEASED;B5ABFBD1-8F92-4BA3-8F2B-801FB600397A;M0;T3A;Tumor Free;54.41036263;1:PROGRESSION;Female;NA
TCGA-FS-A4FD;TCGA-FS-A4FD-06;39;STAGE IIIC;9;-7;0.2673;373;80.67856791;1:DECEASED;745C699B-8ECF-4653-B41F-6620F11BCF39;M0;T2;With Tumor;66.0814676;1:PROGRESSION;Male;NA
TCGA-FW-A3I3;TCGA-FW-A3I3-06;59;STAGE IV;14;11;0.5556;45;17.45734293;0:LIVING;436A0116-EADA-4B8F-AAFE-29EB7F3241C4;M1;NA;Tumor Free;17.45734293;0:CENSORED;Female;105
TCGA-FW-A3R5;TCGA-FW-A3R5-06;68;STAGE III;NA;19;0.0773;15806;36.95301969;0:LIVING;E5BC45CE-8A14-40B5-B9B5-CE45609FEF3A;M0;TX;NA;36.95301969;0:CENSORED;Male;NA
TCGA-FW-A3TU;TCGA-FW-A3TU-06;72;NA;7;11;0.3472;640;55.5939113;1:DECEASED;511AA521-F38D-4AB7-9611-D8C1FEC4C22B;NA;NA;NA;55.5939113;1:PROGRESSION;Female;NA
TCGA-FW-A3TV;TCGA-FW-A3TV-06;57;STAGE IIIB;5;-1;0.2056;273;13.51218069;0:LIVING;04C3D01D-A949-4DC7-9829-A8C99180DBA0;M0;T1;NA;4.569812934;1:PROGRESSION;Female;86
TCGA-FW-A5DX;TCGA-FW-A5DX-01;71;STAGE IIIC;29;5;0.59;160;21.04086531;0:LIVING;889AE822-ADD8-4A10-ABE0-50176C858F80;NA;T4A;Tumor Free;21.04086531;0:CENSORED;Male;NA
TCGA-FW-A5DY;TCGA-FW-A5DY-06;48;STAGE III;1;-15;0.0002;151;19.29841865;0:LIVING;9A7656CF-75A4-4B1F-A2D2-25E3EC147E63;NA;T3;Tumor Free;19.29841865;0:CENSORED;Female;NA
TCGA-GF-A2C7;TCGA-GF-A2C7-01;48;STAGE IIC;14;17;0.3382;395;0.690403393;0:LIVING;285D8E2C-F183-49D5-BC1C-FD47C6670ACC;M0;T4B;NA;0.690403393;0:CENSORED;Male;NA
TCGA-GF-A3OT;TCGA-GF-A3OT-06;58;STAGE IIIC;2;27;0.0711;458;9.895781964;0:LIVING;F94AE8F2-D555-4C2A-97B0-DBE7D642C566;M0;T3;With Tumor;8.153335306;1:PROGRESSION;Female;66
TCGA-GF-A4EO;TCGA-GF-A4EO-06;74;STAGE IIIC;27;5;0.1355;212;19.42992406;0:LIVING;EC4CC744-04DF-4BA9-9159-E4940C702281;M0;T0;Tumor Free;19.42992406;0:CENSORED;Female;105
TCGA-GF-A6C8;TCGA-GF-A6C8-06;62;STAGE IIB;8;27;0.2548;322;2.038333827;0:LIVING;11463605-7086-48F4-B9BD-027715071880;M0;T3B;NA;2.038333827;0:CENSORED;Female;67
TCGA-GF-A6C9;TCGA-GF-A6C9-06;78;STAGE IIIB;10;27;0.0988;2312;15.78064898;0:LIVING;46801BE1-F035-421F-AAE4-81BAF3BB8D40;NA;NA;Tumor Free;15.78064898;0:CENSORED;Male;87
TCGA-GF-A769;TCGA-GF-A769-01;39;STAGE IIC;13;33;0.3531;121;35.17769668;1:DECEASED;AF852862-F01E-4DDD-82C6-9781C93EF20B;M0;T4B;With Tumor;35.17769668;1:PROGRESSION;Male;88
TCGA-GN-A262;TCGA-GN-A262-06;47;NA;10;19;0.9683;957;139.8888779;0:LIVING;E36C9411-773B-4A8E-9B43-895B3CB044C7;NA;NA;With Tumor;95.60443173;1:PROGRESSION;Female;72
TCGA-GN-A263;TCGA-GN-A263-01;24;STAGE IV;3;13;0.0899;473;15.3532564;1:DECEASED;08D2B181-2B6E-4754-BFA9-5A94A1F18526;M1C;T4B;With Tumor;1.28217773;1:PROGRESSION;Male;92
TCGA-GN-A264;TCGA-GN-A264-06;60;NA;16;-15;0.5364;190;117.9274748;1:DECEASED;76CC1D42-ACEC-46B3-9663-5E4DE2550353;NA;NA;With Tumor;105.8947299;1:PROGRESSION;Male;104
TCGA-GN-A265;TCGA-GN-A265-06;53;NA;15;15;0.0423;967;96.91948581;0:LIVING;61B777F6-A59A-4500-AD33-107E2C9254C1;NA;NA;Tumor Free;3.254758852;1:PROGRESSION;Male;85
TCGA-GN-A266;TCGA-GN-A266-06;45;NA;22;11;0.4529;3271;10.12591643;1:DECEASED;3429967F-4F77-4894-BF27-C4A22698CA92;NA;NA;With Tumor;3.583522372;1:PROGRESSION;Male;103
TCGA-GN-A267;TCGA-GN-A267-06;38;STAGE IIIA;12;5;0.4363;377;64.43765;1:DECEASED;AB74D6ED-880E-4470-BFD5-2974A4C3A0D7;M0;T4A;With Tumor;14.99161653;1:PROGRESSION;Male;96
TCGA-GN-A268;TCGA-GN-A268-06;83;STAGE IIB;10;15;0.7932;322;62.7938324;1:DECEASED;C6BE76D4-A1BA-4DD6-84BF-3B30CABE144E;M0;T4A;With Tumor;29.85172765;1:PROGRESSION;Female;55
TCGA-GN-A269;TCGA-GN-A269-01;70;STAGE IIIC;8;NA;0.0409;587;5.588979847;1:DECEASED;F9D113E3-9127-491C-9227-33770BF2B23F;M0;T4B;With Tumor;5.588979847;1:PROGRESSION;Male;77
TCGA-GN-A26A;TCGA-GN-A26A-06;63;STAGE IIIA;22;15;0.5349;456;32.48183582;1:DECEASED;5BC515C8-7727-4D69-98E9-31BBCB748550;M0;T3A;With Tumor;24.65726403;1:PROGRESSION;Female;66
TCGA-GN-A26C;TCGA-GN-A26C-01;77;STAGE IIIC;26;5;0.2;2469;26.99148503;1:DECEASED;FA099993-EF30-4EFF-A8FB-AA41B5EA671A;M0;T4B;With Tumor;19.49567676;1:PROGRESSION;Male;101
TCGA-GN-A26D;TCGA-GN-A26D-06;72;STAGE IIC;27;17;0.6778;644;47.99947398;1:DECEASED;B6B51B28-BDEE-4FE6-A3F3-7B128E16721C;NA;T4B;With Tumor;20.44909097;1:PROGRESSION;Female;68
TCGA-GN-A4U3;TCGA-GN-A4U3-06;30;STAGE III;28;11;0.8237;259;121.9055134;0:LIVING;909335D0-BB4B-4EA3-869A-93E4D91C2154;M0;T3A;With Tumor;74.76082454;1:PROGRESSION;Male;84
TCGA-GN-A4U4;TCGA-GN-A4U4-06;73;STAGE IIA;2;-13;0.1338;576;39.35299339;0:LIVING;6DC9C5B0-77E6-4C53-A75C-8F01731C54E8;M0;T2B;With Tumor;7.134168393;1:PROGRESSION;Male;85
TCGA-GN-A4U5;TCGA-GN-A4U5-01;61;STAGE IB;5;11;0.1664;279;38.00506296;0:LIVING;C35D97F8-1B70-4FBD-A603-9230B3BA7952;M0;T2A;Tumor Free;38.00506296;0:CENSORED;Female;84
TCGA-GN-A4U7;TCGA-GN-A4U7-06;56;STAGE IIIC;8;37;0.2753;205;10.4218036;1:DECEASED;088C296E-8E13-4DC8-8A99-B27F4B27F95E;M0;T2B;With Tumor;6.016372423;1:PROGRESSION;Female;48
TCGA-GN-A4U8;TCGA-GN-A4U8-06;51;NA;3;17;0.1376;340;48.88713548;0:LIVING;D3B77DA8-BE1D-4955-B1C7-55B7769785E8;NA;NA;NA;48.88713548;0:CENSORED;Male;NA
TCGA-GN-A4U9;TCGA-GN-A4U9-06;71;STAGE IIIC;22;13;0.5255;58;22.12578492;1:DECEASED;AB7EB3EC-BD87-4E49-9010-B51B17148F7C;M0;T2B;With Tumor;4.964329158;1:PROGRESSION;Male;104
TCGA-GN-A8LK;TCGA-GN-A8LK-06;70;STAGE IB;11;23;0.568;1662;50.10356051;1:DECEASED;962FF090-16C0-438B-8213-86B2BD306E4C;NA;T1B;With Tumor;14.33408949;1:PROGRESSION;Male;93
TCGA-GN-A8LL;TCGA-GN-A8LL-06;68;STAGE IIC;8;7;0.5315;47;21.36962883;1:DECEASED;638EB185-FE03-4632-A969-9655E3339B2E;M0;T4B;With Tumor;21.36962883;1:PROGRESSION;Female;89
TCGA-GN-A9SD;TCGA-GN-A9SD-06;59;STAGE IA;8;-7;0.1907;127;59.40756814;1:DECEASED;EC4C4296-6AB4-420C-80A4-E7A34B9BF4A2;M0;T1A;With Tumor;37.38041227;1:PROGRESSION;Female;97
TCGA-HR-A2OG;TCGA-HR-A2OG-01;50;NA;NA;11;NA;NA;0.230134464;0:LIVING;021D32B0-A94A-4DAD-95F4-8EB0ABD894BF;NA;NA;Tumor Free;0.230134464;0:CENSORED;Female;NA
TCGA-HR-A2OG;TCGA-HR-A2OG-06;50;NA;NA;11;0.4173;529;0.230134464;0:LIVING;021D32B0-A94A-4DAD-95F4-8EB0ABD894BF;NA;NA;Tumor Free;0.230134464;0:CENSORED;Female;NA
TCGA-HR-A2OH;TCGA-HR-A2OH-01;46;STAGE IIIB;NA;17;NA;NA;65.88420949;1:DECEASED;6668ACFE-1594-42C0-B839-8A592702675F;M0;T3B;With Tumor;65.88420949;1:PROGRESSION;Female;NA
TCGA-HR-A2OH;TCGA-HR-A2OH-06;46;STAGE IIIB;NA;17;0.3595;120;65.88420949;1:DECEASED;6668ACFE-1594-42C0-B839-8A592702675F;M0;T3B;With Tumor;65.88420949;1:PROGRESSION;Female;NA
TCGA-IH-A3EA;TCGA-IH-A3EA-01;61;STAGE IIC;6;33;0.1831;1262;17.22720847;0:LIVING;A5930BC2-D0E4-454F-B60D-5DD1148D4669;M0;T4B;With Tumor;10.32317454;1:PROGRESSION;Male;81
TCGA-LH-A9QB;TCGA-LH-A9QB-06;24;NA;8;-15;0.2729;209;368.7740408;0:LIVING;9EF30567-6E19-4CD0-8EC8-69194136418D;NA;NA;Tumor Free;368.7740408;0:CENSORED;Female;86
TCGA-OD-A75X;TCGA-OD-A75X-06;49;NA;16;17;0.2686;866;297.8926258;1:DECEASED;EF9F1829-0EED-47B3-9D44-06D0A8BB2BFB;M0;TX;Tumor Free;295.4597758;1:PROGRESSION;Male;103
TCGA-QB-A6FS;TCGA-QB-A6FS-06;49;STAGE IIIC;10;13;0.2576;960;7.232797449;0:LIVING;D7207811-3F9A-48AC-AB9B-3E8AF1B1D9F2;M0;T0;With Tumor;2.071210179;1:PROGRESSION;Male;78
TCGA-QB-AA9O;TCGA-QB-AA9O-06;73;STAGE IIIC;15;13;0.4502;1263;18.04911727;1:DECEASED;2BDB65A5-4B72-4379-822D-69CC41FD663F;M0;TX;With Tumor;18.04911727;1:PROGRESSION;Male;119
TCGA-RP-A690;TCGA-RP-A690-06;66;NA;0;-21;0.0642;16;0.197258112;0:LIVING;C7ECF63A-A412-43E6-805E-E9F49D7DFE6B;NA;NA;NA;0.197258112;0:CENSORED;Female;49
TCGA-RP-A693;TCGA-RP-A693-06;77;STAGE IV;12;-5;0.1583;681;0.32876352;0:LIVING;3B618072-3BF5-4609-865D-CE3611C729CF;M1C;TX;Tumor Free;0.32876352;0:CENSORED;Male;81
TCGA-RP-A694;TCGA-RP-A694-06;71;STAGE IV;9;3;0.2167;592;0.690403393;0:LIVING;CE727E9E-325D-41D8-BFAF-0051418B9BEF;M1C;TX;Tumor Free;0.690403393;0:CENSORED;Male;99
TCGA-RP-A695;TCGA-RP-A695-06;NA;STAGE IV;17;9;0.1627;725;NA;0:LIVING;382FD44F-6011-4427-841E-0F1EDA447FE5;M1C;TX;Tumor Free;NA;0:CENSORED;Male;95
TCGA-RP-A6K9;TCGA-RP-A6K9-06;NA;NA;16;-1;0.3138;50;NA;0:LIVING;5359D381-E7F2-4155-A559-7DA9CDA42ED9;NA;NA;NA;NA;0:CENSORED;Female;48
TCGA-W3-A824;TCGA-W3-A824-06;63;STAGE I;3;17;0.0957;1231;228.1618832;0:LIVING;ED471051-41DC-404C-87EC-DB4A281ECFB5;M0;T2;NA;79.10050301;1:PROGRESSION;Male;79
TCGA-W3-A825;TCGA-W3-A825-06;60;STAGE II;24;33;0.5939;924;63.02396686;1:DECEASED;2F5D8110-35C7-419F-8B35-BC3040F940F3;M0;T3;With Tumor;63.02396686;1:PROGRESSION;Female;77
TCGA-W3-A828;TCGA-W3-A828-06;66;STAGE II;2;-5;0.1605;1156;121.0836046;1:DECEASED;BA207D79-91C0-45DC-A784-4BCAEC580EB4;M0;T3;NA;121.0836046;0:CENSORED;Male;91
TCGA-W3-AA1O;TCGA-W3-AA1O-06;85;STAGE III;10;19;0.3671;627;4.010914949;1:DECEASED;DB950F20-C869-4E1A-ADA2-DBDC82B5865E;M0;TX;With Tumor;4.010914949;1:PROGRESSION;Male;89
TCGA-W3-AA1Q;TCGA-W3-AA1Q-06;57;STAGE III;4;-17;0.1123;769;69.07321564;1:DECEASED;81807B84-DA9C-4847-A303-5A8C7297127C;M0;TX;With Tumor;35.04619128;1:PROGRESSION;Male;73
TCGA-W3-AA1R;TCGA-W3-AA1R-06;71;STAGE II;11;31;0.3302;1459;111.0891935;1:DECEASED;53FBE99C-180C-45E6-8585-796028B3D118;M0;T3;With Tumor;34.09277707;1:PROGRESSION;Male;86
TCGA-W3-AA1V;TCGA-W3-AA1V-06;63;STAGE II;16;23;0.5551;4559;42.08173061;1:DECEASED;9817EC15-605A-40DB-B848-2199E5CCBB7B;M0;T3;With Tumor;40.07627314;1:PROGRESSION;Male;91
TCGA-W3-AA1W;TCGA-W3-AA1W-06;64;STAGE II;9;-3;0.0391;583;219.1537627;0:LIVING;36F4BE75-CBCF-431B-9199-DBA295A905A1;M0;T3;Tumor Free;11.01357793;1:PROGRESSION;Male;101
TCGA-W3-AA21;TCGA-W3-AA21-06;26;STAGE I;11;21;0.4919;427;105.0399448;1:DECEASED;4A9E5DC0-6FC3-47E0-8470-DAC16CE16DA3;M0;T2;With Tumor;97.05099122;1:PROGRESSION;Male;99
TCGA-WE-A8JZ;TCGA-WE-A8JZ-06;70;STAGE IIIB;29;1;0.7766;168;24.03261334;0:LIVING;71115011-FF31-45A1-9949-DD69A51CAC2A;M0;T4B;Tumor Free;24.03261334;0:CENSORED;Male;NA
TCGA-WE-A8K1;TCGA-WE-A8K1-06;74;STAGE IIIC;5;3;0.1788;280;49.05151724;0:LIVING;A25B293B-E019-4890-B44D-BEC4DEDF46FB;M0;T3B;Tumor Free;49.05151724;0:CENSORED;Male;NA
TCGA-WE-A8K5;TCGA-WE-A8K5-06;65;STAGE IV;11;7;0.3164;948;61.15001479;1:DECEASED;0F579238-5A11-4ADC-9C80-572CBB2CE58F;M1C;T2A;With Tumor;49.24877536;1:PROGRESSION;Male;NA
TCGA-WE-A8K6;TCGA-WE-A8K6-06;79;STAGE IIIB;22;-5;0.5184;215;17.95048821;0:LIVING;8D7F8F4D-AEF9-4D1B-BFB4-7ED85B0797B3;M0;TX;With Tumor;8.416346122;1:PROGRESSION;Male;NA
TCGA-WE-A8ZM;TCGA-WE-A8ZM-06;70;STAGE IIIB;18;-15;0.3586;72;101.324917;0:LIVING;F8E01148-6FC7-4451-B24A-F3510CD24F9D;M0;TX;With Tumor;21.23812342;1:PROGRESSION;Male;NA
TCGA-WE-A8ZN;TCGA-WE-A8ZN-06;57;STAGE IIB;3;13;0.0917;137;58.98017556;0:LIVING;F311877D-021A-423B-A6F5-E574C9A3CA7C;M0;T4A;With Tumor;47.63783411;1:PROGRESSION;Male;NA
TCGA-WE-A8ZO;TCGA-WE-A8ZO-06;73;STAGE IIIB;6;1;0.1537;303;70.51977513;0:LIVING;B6750B08-C59D-49B9-8C08-A19E17CB366F;M0;T3A;Tumor Free;45.07347865;1:PROGRESSION;Female;NA
TCGA-WE-A8ZQ;TCGA-WE-A8ZQ-06;48;STAGE IIA;19;15;0.526;151;63.22122497;0:LIVING;77052F40-374E-4DAE-BC17-908B52DB0F08;M0;T3A;Tumor Free;57.76375053;1:PROGRESSION;Male;NA
TCGA-WE-A8ZT;TCGA-WE-A8ZT-06;25;STAGE IV;3;-1;0.1424;390;11.80261038;0:LIVING;5A4D93C3-8116-4555-B19D-D7ACD4B4EEED;M1B;T3B;NA;2.268468291;1:PROGRESSION;Female;NA
TCGA-WE-A8ZX;TCGA-WE-A8ZX-06;45;STAGE IIIB;34;35;0.8546;465;35.80234737;0:LIVING;F11B1E99-C14F-442E-ACAB-6353A5C77266;M0;TX;Tumor Free;10.71769077;1:PROGRESSION;Male;NA
TCGA-WE-A8ZY;TCGA-WE-A8ZY-06;62;STAGE IIA;24;1;0.6607;200;49.51178617;1:DECEASED;5F39DB5B-E5C6-4B7C-ACBC-A7C73B556829;M0;T3A;NA;45.66525298;1:PROGRESSION;Male;NA
TCGA-WE-AA9Y;TCGA-WE-AA9Y-06;37;STAGE IIIC;11;5;0.0895;62;12.16425026;0:LIVING;122F855B-F3B8-440B-BF9B-E24E1D3DB867;M0;T2A;With Tumor;12.16425026;0:CENSORED;Male;NA
TCGA-WE-AAA0;TCGA-WE-AAA0-06;47;STAGE IA;4;21;0.1892;1223;40.40503666;0:LIVING;ADFA6BEB-1AA3-4A2A-AFE7-8D036A80B20D;M0;T1A;With Tumor;21.36962883;1:PROGRESSION;Male;NA
TCGA-WE-AAA3;TCGA-WE-AAA3-06;84;STAGE IIIC;29;3;0.5952;299;21.40250518;0:LIVING;CF409C7C-FF82-4529-BDA4-554310843BC5;M0;T4B;Tumor Free;21.40250518;0:CENSORED;Female;NA
TCGA-WE-AAA4;TCGA-WE-AAA4-06;56;STAGE IIIC;6;1;0.1987;202;24.98602755;0:LIVING;99706AD3-5CF4-45F8-815E-51E78F2E9F79;M0;TX;Tumor Free;17.19433212;1:PROGRESSION;Female;NA
TCGA-XV-AB01;TCGA-XV-AB01-06;54;STAGE II;NA;-17;0.9475;NA;13.24916987;0:LIVING;04ADD7F0-D212-486E-AE70-D41D8112F523;M0;T3;NA;13.24916987;0:CENSORED;Female;78
TCGA-YD-A89C;TCGA-YD-A89C-06;43;STAGE IA;8;21;0.2454;1419;6.904033928;0:LIVING;7B617D72-AE16-4829-A1D9-274D1D30617F;M0;T1A;Tumor Free;6.904033928;0:CENSORED;Female;59
TCGA-YD-A9TA;TCGA-YD-A9TA-06;75;NA;9;3;0.5925;2778;49.18302265;0:LIVING;CEB45393-54EE-4801-8C6F-C0AA66E37E60;NA;NA;Tumor Free;49.18302265;0:CENSORED;Male;67
TCGA-YD-A9TB;TCGA-YD-A9TB-06;NA;NA;25;-9;0.6065;278;NA;0:LIVING;807FB56B-BBB9-4DF7-9A1E-D1FA627B425A;NA;NA;With Tumor;NA;0:CENSORED;Female;56
TCGA-YG-AA3O;TCGA-YG-AA3O-06;62;NA;23;7;0.2982;941;37.93931025;1:DECEASED;19E9BA4B-8F8E-4899-B667-B49FDD7EF6F4;NA;NA;With Tumor;32.84347569;1:PROGRESSION;Male;92
TCGA-YG-AA3P;TCGA-YG-AA3P-06;63;STAGE IIB;24;19;0.6181;64;14.43271855;0:LIVING;F1713C39-26B8-4667-A08B-F8CF6D2B8E13;M0;T4A;With Tumor;14.43271855;0:CENSORED;Female;64
TCGA-Z2-A8RT;TCGA-Z2-A8RT-06;42;STAGE IIB;7;-5;0.2755;2421;27.58325936;0:LIVING;590B5E18-D837-4C0E-BECF-80520DB57C0F;M0;T3B;With Tumor;27.58325936;0:CENSORED;Female;77
TCGA-Z2-AA3S;TCGA-Z2-AA3S-06;58;STAGE IA;7;-3;0.303;171;96.98523852;0:LIVING;71B347AC-6AC6-475D-8E21-754764180948;M0;T1A;With Tumor;89.65381201;1:PROGRESSION;Male;78
TCGA-Z2-AA3V;TCGA-Z2-AA3V-06;57;STAGE IA;8;-1;0.2744;361;15.97790709;0:LIVING;5B10234B-6189-449F-8886-D0D44A729CED;M0;T1A;Tumor Free;15.97790709;0:CENSORED;Female;63
